comune,data,n_abitanti
Acquacanina,2016-08-16,17546.428571428572
Acquacanina,2016-08-17,16381.666682
Acquacanina,2016-08-18,16917.714285714286
Acquacanina,2016-08-19,15406.857142857143
Acquacanina,2016-08-20,14664.42857142857
Acquacanina,2016-08-21,14283.285714285714
Acquacanina,2016-08-22,12938.285714285714
Acquacanina,2016-08-23,12273.42857142857
Acquacanina,2016-08-24,12112.0
Acquacanina,2016-08-25,9248.57142857143
Acquacanina,2016-08-26,8654.285714285714
Acquacanina,2016-08-27,8430.57142857143
Acquacanina,2016-08-28,8675.57142857143
Acquacanina,2016-08-29,7749.0
Acquacanina,2016-08-30,7334.428571428572
Acquacanina,2016-08-31,6961.857142857143
Agugliano,2016-08-16,48987.142857142855
Agugliano,2016-08-17,50892.14309785714
Agugliano,2016-08-18,51152.142857142855
Agugliano,2016-08-19,51807.71428571428
Agugliano,2016-08-20,51385.42857142857
Agugliano,2016-08-21,50110.71428571428
Agugliano,2016-08-22,52269.857142857145
Agugliano,2016-08-23,53777.28571428572
Agugliano,2016-08-24,54153.857142857145
Agugliano,2016-08-25,54893.857142857145
Agugliano,2016-08-26,54621.857142857145
Agugliano,2016-08-27,65028.0
Agugliano,2016-08-28,60297.0
Agugliano,2016-08-29,65611.57142857143
Agugliano,2016-08-30,65298.0
Agugliano,2016-08-31,67534.14285714286
Altidona,2016-08-16,103873.0
Altidona,2016-08-17,97063.62004757141
Altidona,2016-08-18,96282.57142857143
Altidona,2016-08-19,93446.57142857143
Altidona,2016-08-20,92164.14285714286
Altidona,2016-08-21,91069.57142857143
Altidona,2016-08-22,82478.28571428571
Altidona,2016-08-23,80934.28571428571
Altidona,2016-08-24,80833.57142857143
Altidona,2016-08-25,81320.0
Altidona,2016-08-26,79791.71428571429
Altidona,2016-08-27,81252.57142857143
Altidona,2016-08-28,80114.28571428571
Altidona,2016-08-29,72646.71428571429
Altidona,2016-08-30,69704.57142857143
Altidona,2016-08-31,66810.42857142857
Amandola,2016-08-16,42067.71428571428
Amandola,2016-08-17,40856.76199957143
Amandola,2016-08-18,40841.57142857143
Amandola,2016-08-19,41081.71428571428
Amandola,2016-08-20,39993.42857142857
Amandola,2016-08-21,40827.142857142855
Amandola,2016-08-22,40168.0
Amandola,2016-08-23,36696.42857142857
Amandola,2016-08-24,36410.0
Amandola,2016-08-25,33042.0
Amandola,2016-08-26,32326.0
Amandola,2016-08-27,31945.571428571428
Amandola,2016-08-28,31224.714285714286
Amandola,2016-08-29,30437.571428571428
Amandola,2016-08-30,30823.85714285714
Amandola,2016-08-31,30616.85714285714
Ancona,2016-08-16,1644427.2857142857
Ancona,2016-08-17,1725755.3051592815
Ancona,2016-08-18,1753592.4285714286
Ancona,2016-08-19,1744470.857142857
Ancona,2016-08-20,1777576.5714285714
Ancona,2016-08-21,1733976.4285714286
Ancona,2016-08-22,1753268.4285714286
Ancona,2016-08-23,1834629.5714285714
Ancona,2016-08-24,1851620.7142857143
Ancona,2016-08-25,1848841.857142857
Ancona,2016-08-26,1849331.7142857143
Ancona,2016-08-27,1841264.2857142857
Ancona,2016-08-28,1793392.5714285714
Ancona,2016-08-29,1821081.4285714286
Ancona,2016-08-30,1894388.2857142857
Ancona,2016-08-31,1919430.5714285714
Apiro,2016-08-16,71988.85714285714
Apiro,2016-08-17,63116.571531214286
Apiro,2016-08-18,61953.142857142855
Apiro,2016-08-19,60531.857142857145
Apiro,2016-08-20,61083.142857142855
Apiro,2016-08-21,59650.0
Apiro,2016-08-22,59901.57142857143
Apiro,2016-08-23,58848.71428571428
Apiro,2016-08-24,54096.71428571428
Apiro,2016-08-25,58924.42857142857
Apiro,2016-08-26,59407.142857142855
Apiro,2016-08-27,59434.857142857145
Apiro,2016-08-28,58273.142857142855
Apiro,2016-08-29,58361.142857142855
Apiro,2016-08-30,58154.71428571428
Apiro,2016-08-31,57706.857142857145
Appignano,2016-08-16,51809.71428571428
Appignano,2016-08-17,56416.857609285704
Appignano,2016-08-18,54718.0
Appignano,2016-08-19,56808.71428571428
Appignano,2016-08-20,57057.71428571428
Appignano,2016-08-21,55456.28571428572
Appignano,2016-08-22,57973.71428571428
Appignano,2016-08-23,61877.42857142857
Appignano,2016-08-24,64602.71428571428
Appignano,2016-08-25,63479.0
Appignano,2016-08-26,61914.57142857143
Appignano,2016-08-27,62707.57142857143
Appignano,2016-08-28,59642.28571428572
Appignano,2016-08-29,63197.42857142857
Appignano,2016-08-30,65054.42857142857
Appignano,2016-08-31,64603.28571428572
Arcevia,2016-08-16,13136.714285714286
Arcevia,2016-08-17,12646.76191942857
Arcevia,2016-08-18,12751.57142857143
Arcevia,2016-08-19,12781.285714285714
Arcevia,2016-08-20,12801.42857142857
Arcevia,2016-08-21,12930.714285714286
Arcevia,2016-08-22,13069.0
Arcevia,2016-08-23,13136.857142857143
Arcevia,2016-08-24,13177.0
Arcevia,2016-08-25,13232.285714285714
Arcevia,2016-08-26,13048.42857142857
Arcevia,2016-08-27,12749.42857142857
Arcevia,2016-08-28,12421.57142857143
Arcevia,2016-08-29,12842.142857142857
Arcevia,2016-08-30,12615.285714285714
Arcevia,2016-08-31,12766.857142857143
Barbara,2016-08-16,22444.428571428572
Barbara,2016-08-17,22384.14296342857
Barbara,2016-08-18,22510.714285714286
Barbara,2016-08-19,22302.428571428572
Barbara,2016-08-20,21910.85714285714
Barbara,2016-08-21,22136.0
Barbara,2016-08-22,22612.0
Barbara,2016-08-23,22566.285714285714
Barbara,2016-08-24,22043.14285714286
Barbara,2016-08-25,22275.285714285714
Barbara,2016-08-26,22167.14285714286
Barbara,2016-08-27,22013.714285714286
Barbara,2016-08-28,21808.85714285714
Barbara,2016-08-29,22689.571428571428
Barbara,2016-08-30,22120.0
Barbara,2016-08-31,22225.714285714286
Belforte del Chienti,2016-08-16,35335.857142857145
Belforte del Chienti,2016-08-17,36189.190645285715
Belforte del Chienti,2016-08-18,34859.857142857145
Belforte del Chienti,2016-08-19,34431.42857142857
Belforte del Chienti,2016-08-20,35884.857142857145
Belforte del Chienti,2016-08-21,36098.28571428572
Belforte del Chienti,2016-08-22,36100.142857142855
Belforte del Chienti,2016-08-23,37081.142857142855
Belforte del Chienti,2016-08-24,37677.28571428572
Belforte del Chienti,2016-08-25,37555.71428571428
Belforte del Chienti,2016-08-26,37869.0
Belforte del Chienti,2016-08-27,38684.142857142855
Belforte del Chienti,2016-08-28,37554.142857142855
Belforte del Chienti,2016-08-29,37958.142857142855
Belforte del Chienti,2016-08-30,39917.857142857145
Belforte del Chienti,2016-08-31,38139.71428571428
Belmonte Piceno,2016-08-16,17219.571428571428
Belmonte Piceno,2016-08-17,17399.428612571428
Belmonte Piceno,2016-08-18,17616.14285714286
Belmonte Piceno,2016-08-19,17590.0
Belmonte Piceno,2016-08-20,17475.714285714286
Belmonte Piceno,2016-08-21,16695.428571428572
Belmonte Piceno,2016-08-22,17551.428571428572
Belmonte Piceno,2016-08-23,17936.571428571428
Belmonte Piceno,2016-08-24,17739.14285714286
Belmonte Piceno,2016-08-25,17853.714285714286
Belmonte Piceno,2016-08-26,17393.571428571428
Belmonte Piceno,2016-08-27,17394.285714285714
Belmonte Piceno,2016-08-28,16455.0
Belmonte Piceno,2016-08-29,17327.85714285714
Belmonte Piceno,2016-08-30,17684.285714285714
Belmonte Piceno,2016-08-31,17791.85714285714
Belvedere Ostrense,2016-08-16,40778.28571428572
Belvedere Ostrense,2016-08-17,40654.57155007143
Belvedere Ostrense,2016-08-18,41486.0
Belvedere Ostrense,2016-08-19,41606.71428571428
Belvedere Ostrense,2016-08-20,41806.57142857143
Belvedere Ostrense,2016-08-21,40799.57142857143
Belvedere Ostrense,2016-08-22,41976.857142857145
Belvedere Ostrense,2016-08-23,41944.57142857143
Belvedere Ostrense,2016-08-24,42099.28571428572
Belvedere Ostrense,2016-08-25,41759.42857142857
Belvedere Ostrense,2016-08-26,41841.28571428572
Belvedere Ostrense,2016-08-27,41045.857142857145
Belvedere Ostrense,2016-08-28,41088.142857142855
Belvedere Ostrense,2016-08-29,41928.71428571428
Belvedere Ostrense,2016-08-30,41585.28571428572
Belvedere Ostrense,2016-08-31,41737.57142857143
Bolognola,2016-08-16,5416.285714285715
Bolognola,2016-08-17,5285.904767671428
Bolognola,2016-08-18,5455.142857142857
Bolognola,2016-08-19,4767.571428571428
Bolognola,2016-08-20,4466.285714285715
Bolognola,2016-08-21,4266.571428571428
Bolognola,2016-08-22,4140.0
Bolognola,2016-08-23,3869.285714285714
Bolognola,2016-08-24,3889.4285714285716
Bolognola,2016-08-25,2967.714285714286
Bolognola,2016-08-26,2736.4285714285716
Bolognola,2016-08-27,2753.0
Bolognola,2016-08-28,2710.1428571428573
Bolognola,2016-08-29,2604.0
Bolognola,2016-08-30,2504.5714285714284
Bolognola,2016-08-31,2522.1428571428573
Caldarola,2016-08-16,38596.857142857145
Caldarola,2016-08-17,39452.85725214286
Caldarola,2016-08-18,39170.0
Caldarola,2016-08-19,39832.142857142855
Caldarola,2016-08-20,39587.28571428572
Caldarola,2016-08-21,39139.71428571428
Caldarola,2016-08-22,38801.28571428572
Caldarola,2016-08-23,39882.42857142857
Caldarola,2016-08-24,39089.71428571428
Caldarola,2016-08-25,39487.57142857143
Caldarola,2016-08-26,40071.142857142855
Caldarola,2016-08-27,40579.71428571428
Caldarola,2016-08-28,38810.28571428572
Caldarola,2016-08-29,39960.42857142857
Caldarola,2016-08-30,41940.71428571428
Caldarola,2016-08-31,39971.28571428572
Camerano,2016-08-16,107101.0
Camerano,2016-08-17,111609.19166285715
Camerano,2016-08-18,114454.85714285714
Camerano,2016-08-19,113929.0
Camerano,2016-08-20,120757.42857142857
Camerano,2016-08-21,117795.71428571429
Camerano,2016-08-22,115403.85714285714
Camerano,2016-08-23,119681.0
Camerano,2016-08-24,118777.0
Camerano,2016-08-25,119110.0
Camerano,2016-08-26,119472.14285714286
Camerano,2016-08-27,121969.42857142857
Camerano,2016-08-28,120032.0
Camerano,2016-08-29,117338.14285714286
Camerano,2016-08-30,118916.42857142857
Camerano,2016-08-31,120179.14285714286
Camerata Picena,2016-08-16,47275.0
Camerata Picena,2016-08-17,50654.85774328571
Camerata Picena,2016-08-18,50245.28571428572
Camerata Picena,2016-08-19,51838.857142857145
Camerata Picena,2016-08-20,51324.57142857143
Camerata Picena,2016-08-21,49317.57142857143
Camerata Picena,2016-08-22,51308.0
Camerata Picena,2016-08-23,53026.857142857145
Camerata Picena,2016-08-24,52908.42857142857
Camerata Picena,2016-08-25,52470.857142857145
Camerata Picena,2016-08-26,53047.71428571428
Camerata Picena,2016-08-27,54956.142857142855
Camerata Picena,2016-08-28,52252.28571428572
Camerata Picena,2016-08-29,55651.28571428572
Camerata Picena,2016-08-30,56051.71428571428
Camerata Picena,2016-08-31,57255.57142857143
Camerino,2016-08-16,176346.2857142857
Camerino,2016-08-17,173595.95292805714
Camerino,2016-08-18,175546.85714285713
Camerino,2016-08-19,171349.2857142857
Camerino,2016-08-20,169498.85714285713
Camerino,2016-08-21,166045.14285714287
Camerino,2016-08-22,166316.0
Camerino,2016-08-23,170375.14285714287
Camerino,2016-08-24,172851.42857142858
Camerino,2016-08-25,166293.0
Camerino,2016-08-26,163885.2857142857
Camerino,2016-08-27,163312.0
Camerino,2016-08-28,155919.7142857143
Camerino,2016-08-29,158704.2857142857
Camerino,2016-08-30,161107.7142857143
Camerino,2016-08-31,160784.0
Campofilone,2016-08-16,34809.142857142855
Campofilone,2016-08-17,34294.809790142855
Campofilone,2016-08-18,33368.71428571428
Campofilone,2016-08-19,34371.71428571428
Campofilone,2016-08-20,34214.142857142855
Campofilone,2016-08-21,36014.857142857145
Campofilone,2016-08-22,30926.714285714286
Campofilone,2016-08-23,29918.714285714286
Campofilone,2016-08-24,29041.14285714286
Campofilone,2016-08-25,29066.285714285714
Campofilone,2016-08-26,29005.14285714286
Campofilone,2016-08-27,29401.0
Campofilone,2016-08-28,29210.714285714286
Campofilone,2016-08-29,26381.285714285714
Campofilone,2016-08-30,26227.428571428572
Campofilone,2016-08-31,24760.714285714286
Camporotondo di Fiastrone,2016-08-16,9802.57142857143
Camporotondo di Fiastrone,2016-08-17,9566.523823857142
Camporotondo di Fiastrone,2016-08-18,9247.285714285714
Camporotondo di Fiastrone,2016-08-19,9109.714285714286
Camporotondo di Fiastrone,2016-08-20,9116.857142857143
Camporotondo di Fiastrone,2016-08-21,9308.714285714286
Camporotondo di Fiastrone,2016-08-22,9181.57142857143
Camporotondo di Fiastrone,2016-08-23,9443.57142857143
Camporotondo di Fiastrone,2016-08-24,9358.857142857143
Camporotondo di Fiastrone,2016-08-25,9494.42857142857
Camporotondo di Fiastrone,2016-08-26,9647.714285714286
Camporotondo di Fiastrone,2016-08-27,9398.0
Camporotondo di Fiastrone,2016-08-28,9606.42857142857
Camporotondo di Fiastrone,2016-08-29,9328.142857142857
Camporotondo di Fiastrone,2016-08-30,9241.857142857143
Camporotondo di Fiastrone,2016-08-31,9149.857142857143
Carassai,2016-08-16,27315.428571428572
Carassai,2016-08-17,26955.61908842857
Carassai,2016-08-18,26758.14285714286
Carassai,2016-08-19,26407.14285714286
Carassai,2016-08-20,26714.571428571428
Carassai,2016-08-21,26704.0
Carassai,2016-08-22,25797.285714285714
Carassai,2016-08-23,25212.571428571428
Carassai,2016-08-24,24625.0
Carassai,2016-08-25,24481.0
Carassai,2016-08-26,23920.14285714286
Carassai,2016-08-27,23823.428571428572
Carassai,2016-08-28,23735.428571428572
Carassai,2016-08-29,23194.85714285714
Carassai,2016-08-30,23057.428571428572
Carassai,2016-08-31,22643.428571428572
Castelbellino,2016-08-16,43271.42857142857
Castelbellino,2016-08-17,45867.80992228571
Castelbellino,2016-08-18,46424.57142857143
Castelbellino,2016-08-19,46545.142857142855
Castelbellino,2016-08-20,46569.71428571428
Castelbellino,2016-08-21,44392.857142857145
Castelbellino,2016-08-22,48457.857142857145
Castelbellino,2016-08-23,49845.42857142857
Castelbellino,2016-08-24,50581.57142857143
Castelbellino,2016-08-25,50332.857142857145
Castelbellino,2016-08-26,50761.0
Castelbellino,2016-08-27,49796.28571428572
Castelbellino,2016-08-28,49834.42857142857
Castelbellino,2016-08-29,51582.42857142857
Castelbellino,2016-08-30,52435.142857142855
Castelbellino,2016-08-31,51761.71428571428
Castelfidardo,2016-08-16,218902.2857142857
Castelfidardo,2016-08-17,233572.76477828575
Castelfidardo,2016-08-18,235338.7142857143
Castelfidardo,2016-08-19,232698.14285714287
Castelfidardo,2016-08-20,233716.57142857142
Castelfidardo,2016-08-21,238295.14285714287
Castelfidardo,2016-08-22,237491.2857142857
Castelfidardo,2016-08-23,245753.85714285713
Castelfidardo,2016-08-24,244740.0
Castelfidardo,2016-08-25,245056.0
Castelfidardo,2016-08-26,246738.85714285713
Castelfidardo,2016-08-27,248479.7142857143
Castelfidardo,2016-08-28,231258.7142857143
Castelfidardo,2016-08-29,237471.2857142857
Castelfidardo,2016-08-30,254862.42857142858
Castelfidardo,2016-08-31,263657.5714285714
Castelleone di Suasa,2016-08-16,3888.5714285714284
Castelleone di Suasa,2016-08-17,3878.5238125714286
Castelleone di Suasa,2016-08-18,3907.285714285714
Castelleone di Suasa,2016-08-19,3893.4285714285716
Castelleone di Suasa,2016-08-20,3845.285714285714
Castelleone di Suasa,2016-08-21,3804.4285714285716
Castelleone di Suasa,2016-08-22,3905.5714285714284
Castelleone di Suasa,2016-08-23,3954.285714285714
Castelleone di Suasa,2016-08-24,3830.0
Castelleone di Suasa,2016-08-25,3860.0
Castelleone di Suasa,2016-08-26,3949.0
Castelleone di Suasa,2016-08-27,3897.0
Castelleone di Suasa,2016-08-28,3868.714285714286
Castelleone di Suasa,2016-08-29,4022.4285714285716
Castelleone di Suasa,2016-08-30,3889.4285714285716
Castelleone di Suasa,2016-08-31,3873.5714285714284
Castelplanio,2016-08-16,58276.28571428572
Castelplanio,2016-08-17,59653.667118428566
Castelplanio,2016-08-18,59576.142857142855
Castelplanio,2016-08-19,60418.42857142857
Castelplanio,2016-08-20,61665.28571428572
Castelplanio,2016-08-21,58295.857142857145
Castelplanio,2016-08-22,60484.57142857143
Castelplanio,2016-08-23,61653.0
Castelplanio,2016-08-24,62018.142857142855
Castelplanio,2016-08-25,61381.42857142857
Castelplanio,2016-08-26,60846.0
Castelplanio,2016-08-27,60285.0
Castelplanio,2016-08-28,58597.142857142855
Castelplanio,2016-08-29,60465.28571428572
Castelplanio,2016-08-30,60700.71428571428
Castelplanio,2016-08-31,61746.0
Castelraimondo,2016-08-16,73447.85714285714
Castelraimondo,2016-08-17,75527.8099608
Castelraimondo,2016-08-18,75857.28571428571
Castelraimondo,2016-08-19,77817.85714285714
Castelraimondo,2016-08-20,74492.14285714286
Castelraimondo,2016-08-21,74236.42857142857
Castelraimondo,2016-08-22,74288.57142857143
Castelraimondo,2016-08-23,79269.85714285714
Castelraimondo,2016-08-24,80159.14285714286
Castelraimondo,2016-08-25,81468.28571428571
Castelraimondo,2016-08-26,82312.57142857143
Castelraimondo,2016-08-27,78688.57142857143
Castelraimondo,2016-08-28,76214.0
Castelraimondo,2016-08-29,75722.28571428571
Castelraimondo,2016-08-30,80394.42857142857
Castelraimondo,2016-08-31,80990.42857142857
Cerreto d'Esi,2016-08-16,5326.285714285715
Cerreto d'Esi,2016-08-17,5414.857145571428
Cerreto d'Esi,2016-08-18,5489.714285714285
Cerreto d'Esi,2016-08-19,5514.857142857143
Cerreto d'Esi,2016-08-20,5494.0
Cerreto d'Esi,2016-08-21,5393.857142857143
Cerreto d'Esi,2016-08-22,5822.571428571428
Cerreto d'Esi,2016-08-23,6035.714285714285
Cerreto d'Esi,2016-08-24,6110.428571428572
Cerreto d'Esi,2016-08-25,6085.857142857143
Cerreto d'Esi,2016-08-26,6094.0
Cerreto d'Esi,2016-08-27,5884.571428571428
Cerreto d'Esi,2016-08-28,5626.428571428572
Cerreto d'Esi,2016-08-29,6117.857142857143
Cerreto d'Esi,2016-08-30,6227.142857142857
Cerreto d'Esi,2016-08-31,6328.714285714285
Cessapalombo,2016-08-16,23186.14285714286
Cessapalombo,2016-08-17,23281.714311357144
Cessapalombo,2016-08-18,22529.85714285714
Cessapalombo,2016-08-19,22626.0
Cessapalombo,2016-08-20,22762.85714285714
Cessapalombo,2016-08-21,22496.85714285714
Cessapalombo,2016-08-22,22674.14285714286
Cessapalombo,2016-08-23,22448.428571428572
Cessapalombo,2016-08-24,22617.428571428572
Cessapalombo,2016-08-25,21960.285714285714
Cessapalombo,2016-08-26,21733.571428571428
Cessapalombo,2016-08-27,21055.85714285714
Cessapalombo,2016-08-28,20596.14285714286
Cessapalombo,2016-08-29,20832.14285714286
Cessapalombo,2016-08-30,22281.714285714286
Cessapalombo,2016-08-31,21097.714285714286
Chiaravalle,2016-08-16,179672.0
Chiaravalle,2016-08-17,196183.85949171428
Chiaravalle,2016-08-18,195943.14285714287
Chiaravalle,2016-08-19,196125.0
Chiaravalle,2016-08-20,198574.2857142857
Chiaravalle,2016-08-21,187910.7142857143
Chiaravalle,2016-08-22,197195.7142857143
Chiaravalle,2016-08-23,205520.0
Chiaravalle,2016-08-24,205186.7142857143
Chiaravalle,2016-08-25,203928.42857142858
Chiaravalle,2016-08-26,204197.14285714287
Chiaravalle,2016-08-27,202561.42857142858
Chiaravalle,2016-08-28,196013.57142857142
Chiaravalle,2016-08-29,200431.0
Chiaravalle,2016-08-30,212239.57142857142
Chiaravalle,2016-08-31,212378.57142857142
Cingoli,2016-08-16,192698.7142857143
Cingoli,2016-08-17,195839.19118105713
Cingoli,2016-08-18,190295.7142857143
Cingoli,2016-08-19,189239.85714285713
Cingoli,2016-08-20,189602.85714285713
Cingoli,2016-08-21,187256.0
Cingoli,2016-08-22,189079.2857142857
Cingoli,2016-08-23,191389.7142857143
Cingoli,2016-08-24,183606.85714285713
Cingoli,2016-08-25,191136.2857142857
Cingoli,2016-08-26,188879.57142857142
Cingoli,2016-08-27,188895.2857142857
Cingoli,2016-08-28,185873.57142857142
Cingoli,2016-08-29,186899.57142857142
Cingoli,2016-08-30,189346.14285714287
Cingoli,2016-08-31,186949.2857142857
Civitanova Marche,2016-08-16,647262.5714285715
Civitanova Marche,2016-08-17,685618.007975714
Civitanova Marche,2016-08-18,653800.7142857143
Civitanova Marche,2016-08-19,665029.4285714285
Civitanova Marche,2016-08-20,672324.4285714285
Civitanova Marche,2016-08-21,684182.1428571428
Civitanova Marche,2016-08-22,638620.8571428572
Civitanova Marche,2016-08-23,651196.4285714285
Civitanova Marche,2016-08-24,676880.0
Civitanova Marche,2016-08-25,645060.1428571428
Civitanova Marche,2016-08-26,650830.5714285715
Civitanova Marche,2016-08-27,664014.8571428572
Civitanova Marche,2016-08-28,691294.5714285715
Civitanova Marche,2016-08-29,624205.7142857143
Civitanova Marche,2016-08-30,607871.8571428572
Civitanova Marche,2016-08-31,610633.2857142857
Colmurano,2016-08-16,11783.714285714286
Colmurano,2016-08-17,12042.380985285714
Colmurano,2016-08-18,11646.857142857143
Colmurano,2016-08-19,11989.285714285714
Colmurano,2016-08-20,12289.57142857143
Colmurano,2016-08-21,11873.142857142857
Colmurano,2016-08-22,12193.57142857143
Colmurano,2016-08-23,12205.285714285714
Colmurano,2016-08-24,12211.142857142857
Colmurano,2016-08-25,12485.57142857143
Colmurano,2016-08-26,11978.57142857143
Colmurano,2016-08-27,11858.285714285714
Colmurano,2016-08-28,11457.714285714286
Colmurano,2016-08-29,11815.142857142857
Colmurano,2016-08-30,11999.0
Colmurano,2016-08-31,11848.285714285714
Corinaldo,2016-08-16,136744.57142857142
Corinaldo,2016-08-17,134042.09591671432
Corinaldo,2016-08-18,133862.7142857143
Corinaldo,2016-08-19,131677.42857142858
Corinaldo,2016-08-20,132095.85714285713
Corinaldo,2016-08-21,126992.0
Corinaldo,2016-08-22,133068.14285714287
Corinaldo,2016-08-23,136281.42857142858
Corinaldo,2016-08-24,135422.2857142857
Corinaldo,2016-08-25,129353.57142857143
Corinaldo,2016-08-26,113552.28571428571
Corinaldo,2016-08-27,114456.57142857143
Corinaldo,2016-08-28,108806.57142857143
Corinaldo,2016-08-29,112898.85714285714
Corinaldo,2016-08-30,111915.42857142857
Corinaldo,2016-08-31,115007.42857142857
Corridonia,2016-08-16,206863.85714285713
Corridonia,2016-08-17,221980.7638074286
Corridonia,2016-08-18,218184.7142857143
Corridonia,2016-08-19,220330.85714285713
Corridonia,2016-08-20,222708.7142857143
Corridonia,2016-08-21,216035.0
Corridonia,2016-08-22,228944.42857142858
Corridonia,2016-08-23,235662.85714285713
Corridonia,2016-08-24,240605.57142857142
Corridonia,2016-08-25,243405.2857142857
Corridonia,2016-08-26,240543.42857142858
Corridonia,2016-08-27,237799.0
Corridonia,2016-08-28,233937.42857142858
Corridonia,2016-08-29,241370.0
Corridonia,2016-08-30,250035.85714285713
Corridonia,2016-08-31,253110.42857142858
Cossignano,2016-08-16,2614.1428571428573
Cossignano,2016-08-17,2601.6666699999996
Cossignano,2016-08-18,2616.0
Cossignano,2016-08-19,2555.8571428571427
Cossignano,2016-08-20,2578.1428571428573
Cossignano,2016-08-21,2513.714285714286
Cossignano,2016-08-22,2438.8571428571427
Cossignano,2016-08-23,2381.1428571428573
Cossignano,2016-08-24,2388.285714285714
Cossignano,2016-08-25,2411.4285714285716
Cossignano,2016-08-26,2365.8571428571427
Cossignano,2016-08-27,2292.1428571428573
Cossignano,2016-08-28,2186.0
Cossignano,2016-08-29,2257.4285714285716
Cossignano,2016-08-30,2239.5714285714284
Cossignano,2016-08-31,2201.5714285714284
Cupra Marittima,2016-08-16,203130.57142857142
Cupra Marittima,2016-08-17,200586.62139485715
Cupra Marittima,2016-08-18,198167.0
Cupra Marittima,2016-08-19,197990.57142857142
Cupra Marittima,2016-08-20,200881.2857142857
Cupra Marittima,2016-08-21,209362.57142857142
Cupra Marittima,2016-08-22,191451.57142857142
Cupra Marittima,2016-08-23,182078.2857142857
Cupra Marittima,2016-08-24,177776.14285714287
Cupra Marittima,2016-08-25,179726.2857142857
Cupra Marittima,2016-08-26,177101.2857142857
Cupra Marittima,2016-08-27,178312.7142857143
Cupra Marittima,2016-08-28,179078.2857142857
Cupra Marittima,2016-08-29,152116.42857142858
Cupra Marittima,2016-08-30,147867.2857142857
Cupra Marittima,2016-08-31,139856.2857142857
Cupramontana,2016-08-16,65420.142857142855
Cupramontana,2016-08-17,67107.80982149999
Cupramontana,2016-08-18,66476.71428571429
Cupramontana,2016-08-19,66585.28571428571
Cupramontana,2016-08-20,66912.14285714286
Cupramontana,2016-08-21,66329.14285714286
Cupramontana,2016-08-22,65598.71428571429
Cupramontana,2016-08-23,67347.57142857143
Cupramontana,2016-08-24,67291.42857142857
Cupramontana,2016-08-25,66587.42857142857
Cupramontana,2016-08-26,66039.71428571429
Cupramontana,2016-08-27,65550.85714285714
Cupramontana,2016-08-28,62563.857142857145
Cupramontana,2016-08-29,63989.42857142857
Cupramontana,2016-08-30,66164.85714285714
Cupramontana,2016-08-31,66251.28571428571
Fabriano,2016-08-16,47767.57142857143
Fabriano,2016-08-17,45507.6667515
Fabriano,2016-08-18,45523.71428571428
Fabriano,2016-08-19,44958.0
Fabriano,2016-08-20,44718.142857142855
Fabriano,2016-08-21,43755.57142857143
Fabriano,2016-08-22,46597.28571428572
Fabriano,2016-08-23,47225.857142857145
Fabriano,2016-08-24,47122.857142857145
Fabriano,2016-08-25,47135.0
Fabriano,2016-08-26,46393.857142857145
Fabriano,2016-08-27,45292.28571428572
Fabriano,2016-08-28,44231.42857142857
Fabriano,2016-08-29,47000.71428571428
Fabriano,2016-08-30,46965.142857142855
Fabriano,2016-08-31,47401.142857142855
Falconara Marittima,2016-08-16,513142.71428571426
Falconara Marittima,2016-08-17,500796.3872188573
Falconara Marittima,2016-08-18,496852.71428571426
Falconara Marittima,2016-08-19,493069.4285714286
Falconara Marittima,2016-08-20,488668.85714285716
Falconara Marittima,2016-08-21,476596.71428571426
Falconara Marittima,2016-08-22,488769.5714285714
Falconara Marittima,2016-08-23,504571.85714285716
Falconara Marittima,2016-08-24,504171.71428571426
Falconara Marittima,2016-08-25,501155.71428571426
Falconara Marittima,2016-08-26,502566.14285714284
Falconara Marittima,2016-08-27,499227.14285714284
Falconara Marittima,2016-08-28,475159.71428571426
Falconara Marittima,2016-08-29,486287.0
Falconara Marittima,2016-08-30,501855.85714285716
Falconara Marittima,2016-08-31,498003.71428571426
Falerone,2016-08-16,68134.57142857143
Falerone,2016-08-17,66956.19092628571
Falerone,2016-08-18,66200.14285714286
Falerone,2016-08-19,66506.42857142857
Falerone,2016-08-20,66619.71428571429
Falerone,2016-08-21,63718.57142857143
Falerone,2016-08-22,67278.0
Falerone,2016-08-23,67833.57142857143
Falerone,2016-08-24,67637.0
Falerone,2016-08-25,66612.14285714286
Falerone,2016-08-26,66602.71428571429
Falerone,2016-08-27,65458.42857142857
Falerone,2016-08-28,62863.142857142855
Falerone,2016-08-29,68118.42857142857
Falerone,2016-08-30,68342.42857142857
Falerone,2016-08-31,68628.0
Fermo,2016-08-16,915336.2857142857
Fermo,2016-08-17,899337.9130502857
Fermo,2016-08-18,898161.2857142857
Fermo,2016-08-19,897737.5714285715
Fermo,2016-08-20,878287.7142857143
Fermo,2016-08-21,877868.0
Fermo,2016-08-22,844016.0
Fermo,2016-08-23,842967.8571428572
Fermo,2016-08-24,841756.4285714285
Fermo,2016-08-25,837847.7142857143
Fermo,2016-08-26,838617.0
Fermo,2016-08-27,813835.4285714285
Fermo,2016-08-28,804825.8571428572
Fermo,2016-08-29,778148.8571428572
Fermo,2016-08-30,773865.4285714285
Fermo,2016-08-31,762499.0
Fiastra,2016-08-16,75678.0
Fiastra,2016-08-17,69824.33338485713
Fiastra,2016-08-18,69038.14285714286
Fiastra,2016-08-19,68497.28571428571
Fiastra,2016-08-20,65765.57142857143
Fiastra,2016-08-21,65544.0
Fiastra,2016-08-22,58506.57142857143
Fiastra,2016-08-23,55439.0
Fiastra,2016-08-24,55352.57142857143
Fiastra,2016-08-25,43399.42857142857
Fiastra,2016-08-26,41074.0
Fiastra,2016-08-27,39433.857142857145
Fiastra,2016-08-28,40694.857142857145
Fiastra,2016-08-29,35847.28571428572
Fiastra,2016-08-30,34866.142857142855
Fiastra,2016-08-31,32700.428571428572
Filottrano,2016-08-16,97090.57142857143
Filottrano,2016-08-17,99084.71456985714
Filottrano,2016-08-18,99970.14285714286
Filottrano,2016-08-19,100482.57142857143
Filottrano,2016-08-20,101449.14285714286
Filottrano,2016-08-21,99474.42857142857
Filottrano,2016-08-22,103676.28571428571
Filottrano,2016-08-23,103716.0
Filottrano,2016-08-24,104912.57142857143
Filottrano,2016-08-25,105785.71428571429
Filottrano,2016-08-26,105531.42857142857
Filottrano,2016-08-27,103955.71428571429
Filottrano,2016-08-28,102029.42857142857
Filottrano,2016-08-29,106029.28571428571
Filottrano,2016-08-30,107479.42857142857
Filottrano,2016-08-31,106695.71428571429
Fiordimonte,2016-08-16,14026.142857142857
Fiordimonte,2016-08-17,13528.761916642858
Fiordimonte,2016-08-18,13916.142857142857
Fiordimonte,2016-08-19,13362.142857142857
Fiordimonte,2016-08-20,13476.142857142857
Fiordimonte,2016-08-21,12673.714285714286
Fiordimonte,2016-08-22,12187.285714285714
Fiordimonte,2016-08-23,11770.57142857143
Fiordimonte,2016-08-24,11334.57142857143
Fiordimonte,2016-08-25,9551.285714285714
Fiordimonte,2016-08-26,8740.0
Fiordimonte,2016-08-27,8948.142857142857
Fiordimonte,2016-08-28,8696.857142857143
Fiordimonte,2016-08-29,8500.285714285714
Fiordimonte,2016-08-30,7994.0
Fiordimonte,2016-08-31,7797.285714285715
Francavilla d'Ete,2016-08-16,17374.0
Francavilla d'Ete,2016-08-17,18038.571463428572
Francavilla d'Ete,2016-08-18,19029.14285714286
Francavilla d'Ete,2016-08-19,19551.285714285714
Francavilla d'Ete,2016-08-20,18822.714285714286
Francavilla d'Ete,2016-08-21,18591.14285714286
Francavilla d'Ete,2016-08-22,19330.571428571428
Francavilla d'Ete,2016-08-23,18781.285714285714
Francavilla d'Ete,2016-08-24,18596.0
Francavilla d'Ete,2016-08-25,19090.85714285714
Francavilla d'Ete,2016-08-26,19324.571428571428
Francavilla d'Ete,2016-08-27,18250.14285714286
Francavilla d'Ete,2016-08-28,17646.285714285714
Francavilla d'Ete,2016-08-29,19778.285714285714
Francavilla d'Ete,2016-08-30,20217.428571428572
Francavilla d'Ete,2016-08-31,20293.0
Gagliole,2016-08-16,24587.0
Gagliole,2016-08-17,24055.952423742856
Gagliole,2016-08-18,24522.571428571428
Gagliole,2016-08-19,24979.14285714286
Gagliole,2016-08-20,24378.0
Gagliole,2016-08-21,23974.714285714286
Gagliole,2016-08-22,24326.14285714286
Gagliole,2016-08-23,24844.0
Gagliole,2016-08-24,25079.428571428572
Gagliole,2016-08-25,24935.571428571428
Gagliole,2016-08-26,25096.85714285714
Gagliole,2016-08-27,24932.571428571428
Gagliole,2016-08-28,24219.285714285714
Gagliole,2016-08-29,24411.85714285714
Gagliole,2016-08-30,25008.14285714286
Gagliole,2016-08-31,25234.14285714286
Grottammare,2016-08-16,61260.57142857143
Grottammare,2016-08-17,53211.09583714286
Grottammare,2016-08-18,51578.0
Grottammare,2016-08-19,51894.0
Grottammare,2016-08-20,51372.57142857143
Grottammare,2016-08-21,53237.0
Grottammare,2016-08-22,48204.42857142857
Grottammare,2016-08-23,46581.0
Grottammare,2016-08-24,48395.142857142855
Grottammare,2016-08-25,46125.0
Grottammare,2016-08-26,45602.28571428572
Grottammare,2016-08-27,45958.0
Grottammare,2016-08-28,46231.857142857145
Grottammare,2016-08-29,41223.0
Grottammare,2016-08-30,38680.0
Grottammare,2016-08-31,38347.142857142855
Grottazzolina,2016-08-16,38524.42857142857
Grottazzolina,2016-08-17,39199.85735942858
Grottazzolina,2016-08-18,41192.28571428572
Grottazzolina,2016-08-19,41164.142857142855
Grottazzolina,2016-08-20,41743.142857142855
Grottazzolina,2016-08-21,41129.0
Grottazzolina,2016-08-22,42789.142857142855
Grottazzolina,2016-08-23,43624.42857142857
Grottazzolina,2016-08-24,43866.42857142857
Grottazzolina,2016-08-25,43590.71428571428
Grottazzolina,2016-08-26,43225.71428571428
Grottazzolina,2016-08-27,42133.42857142857
Grottazzolina,2016-08-28,40881.42857142857
Grottazzolina,2016-08-29,43445.57142857143
Grottazzolina,2016-08-30,44503.28571428572
Grottazzolina,2016-08-31,44230.42857142857
Gualdo,2016-08-16,31968.714285714286
Gualdo,2016-08-17,31359.047676857146
Gualdo,2016-08-18,31857.14285714286
Gualdo,2016-08-19,32244.428571428572
Gualdo,2016-08-20,30832.14285714286
Gualdo,2016-08-21,30038.85714285714
Gualdo,2016-08-22,29181.0
Gualdo,2016-08-23,28191.428571428572
Gualdo,2016-08-24,27750.0
Gualdo,2016-08-25,26846.428571428572
Gualdo,2016-08-26,26206.14285714286
Gualdo,2016-08-27,25269.714285714286
Gualdo,2016-08-28,24921.14285714286
Gualdo,2016-08-29,24804.285714285714
Gualdo,2016-08-30,25028.14285714286
Gualdo,2016-08-31,25004.428571428572
Jesi,2016-08-16,644285.8571428572
Jesi,2016-08-17,691912.9115151424
Jesi,2016-08-18,703217.2857142857
Jesi,2016-08-19,704218.4285714285
Jesi,2016-08-20,700789.2857142857
Jesi,2016-08-21,667209.5714285715
Jesi,2016-08-22,719064.2857142857
Jesi,2016-08-23,758566.8571428572
Jesi,2016-08-24,770000.5714285715
Jesi,2016-08-25,764562.7142857143
Jesi,2016-08-26,765531.5714285715
Jesi,2016-08-27,750108.0
Jesi,2016-08-28,712083.0
Jesi,2016-08-29,745341.0
Jesi,2016-08-30,792563.5714285715
Jesi,2016-08-31,800437.2857142857
Lapedona,2016-08-16,26329.0
Lapedona,2016-08-17,26199.095331714285
Lapedona,2016-08-18,26340.85714285714
Lapedona,2016-08-19,25519.0
Lapedona,2016-08-20,25110.571428571428
Lapedona,2016-08-21,24840.14285714286
Lapedona,2016-08-22,24061.571428571428
Lapedona,2016-08-23,23862.571428571428
Lapedona,2016-08-24,23519.0
Lapedona,2016-08-25,23386.714285714286
Lapedona,2016-08-26,22879.714285714286
Lapedona,2016-08-27,22055.428571428572
Lapedona,2016-08-28,22013.85714285714
Lapedona,2016-08-29,20673.85714285714
Lapedona,2016-08-30,20258.285714285714
Lapedona,2016-08-31,19093.571428571428
Loreto,2016-08-16,272415.14285714284
Loreto,2016-08-17,264775.8128731429
Loreto,2016-08-18,264734.0
Loreto,2016-08-19,273392.0
Loreto,2016-08-20,275668.5714285714
Loreto,2016-08-21,270847.0
Loreto,2016-08-22,264828.14285714284
Loreto,2016-08-23,264358.0
Loreto,2016-08-24,262086.85714285713
Loreto,2016-08-25,265151.4285714286
Loreto,2016-08-26,259444.2857142857
Loreto,2016-08-27,248779.57142857142
Loreto,2016-08-28,254164.14285714287
Loreto,2016-08-29,247676.0
Loreto,2016-08-30,245011.0
Loreto,2016-08-31,239800.57142857142
Loro Piceno,2016-08-16,43579.0
Loro Piceno,2016-08-17,44885.857244857136
Loro Piceno,2016-08-18,45342.57142857143
Loro Piceno,2016-08-19,45845.71428571428
Loro Piceno,2016-08-20,45404.28571428572
Loro Piceno,2016-08-21,46089.0
Loro Piceno,2016-08-22,46432.42857142857
Loro Piceno,2016-08-23,45929.71428571428
Loro Piceno,2016-08-24,45894.57142857143
Loro Piceno,2016-08-25,46543.857142857145
Loro Piceno,2016-08-26,46943.142857142855
Loro Piceno,2016-08-27,47173.28571428572
Loro Piceno,2016-08-28,47634.142857142855
Loro Piceno,2016-08-29,49041.0
Loro Piceno,2016-08-30,47180.57142857143
Loro Piceno,2016-08-31,46578.42857142857
Macerata,2016-08-16,503944.4285714286
Macerata,2016-08-17,540776.8623324288
Macerata,2016-08-18,547069.7142857143
Macerata,2016-08-19,556401.4285714285
Macerata,2016-08-20,548340.7142857143
Macerata,2016-08-21,544292.7142857143
Macerata,2016-08-22,570481.2857142857
Macerata,2016-08-23,605659.8571428572
Macerata,2016-08-24,607389.1428571428
Macerata,2016-08-25,602515.4285714285
Macerata,2016-08-26,608015.8571428572
Macerata,2016-08-27,610962.1428571428
Macerata,2016-08-28,590700.5714285715
Macerata,2016-08-29,607669.1428571428
Macerata,2016-08-30,642457.8571428572
Macerata,2016-08-31,675489.4285714285
Magliano di Tenna,2016-08-16,33031.28571428572
Magliano di Tenna,2016-08-17,34123.85745428571
Magliano di Tenna,2016-08-18,33221.142857142855
Magliano di Tenna,2016-08-19,32355.571428571428
Magliano di Tenna,2016-08-20,34154.28571428572
Magliano di Tenna,2016-08-21,31974.571428571428
Magliano di Tenna,2016-08-22,36447.0
Magliano di Tenna,2016-08-23,35323.57142857143
Magliano di Tenna,2016-08-24,35432.57142857143
Magliano di Tenna,2016-08-25,35544.857142857145
Magliano di Tenna,2016-08-26,35665.42857142857
Magliano di Tenna,2016-08-27,35089.71428571428
Magliano di Tenna,2016-08-28,33416.142857142855
Magliano di Tenna,2016-08-29,35637.857142857145
Magliano di Tenna,2016-08-30,36277.28571428572
Magliano di Tenna,2016-08-31,36497.857142857145
Maiolati Spontini,2016-08-16,101967.14285714286
Maiolati Spontini,2016-08-17,107922.76282285714
Maiolati Spontini,2016-08-18,107874.14285714286
Maiolati Spontini,2016-08-19,108930.0
Maiolati Spontini,2016-08-20,110665.42857142857
Maiolati Spontini,2016-08-21,104989.57142857143
Maiolati Spontini,2016-08-22,110766.85714285714
Maiolati Spontini,2016-08-23,113837.28571428571
Maiolati Spontini,2016-08-24,113908.0
Maiolati Spontini,2016-08-25,113591.14285714286
Maiolati Spontini,2016-08-26,114576.71428571429
Maiolati Spontini,2016-08-27,112503.28571428571
Maiolati Spontini,2016-08-28,109659.14285714286
Maiolati Spontini,2016-08-29,113297.42857142857
Maiolati Spontini,2016-08-30,115539.0
Maiolati Spontini,2016-08-31,116077.85714285714
Massa Fermana,2016-08-16,14117.285714285714
Massa Fermana,2016-08-17,14368.761948285714
Massa Fermana,2016-08-18,14257.714285714286
Massa Fermana,2016-08-19,14873.857142857143
Massa Fermana,2016-08-20,15121.142857142857
Massa Fermana,2016-08-21,14914.42857142857
Massa Fermana,2016-08-22,15014.0
Massa Fermana,2016-08-23,14542.42857142857
Massa Fermana,2016-08-24,14565.714285714286
Massa Fermana,2016-08-25,14684.57142857143
Massa Fermana,2016-08-26,14443.57142857143
Massa Fermana,2016-08-27,14661.285714285714
Massa Fermana,2016-08-28,14213.42857142857
Massa Fermana,2016-08-29,15324.42857142857
Massa Fermana,2016-08-30,15591.285714285714
Massa Fermana,2016-08-31,15644.285714285714
Massignano,2016-08-16,42150.57142857143
Massignano,2016-08-17,41891.809847285724
Massignano,2016-08-18,41410.71428571428
Massignano,2016-08-19,40834.142857142855
Massignano,2016-08-20,41442.28571428572
Massignano,2016-08-21,42772.71428571428
Massignano,2016-08-22,37573.857142857145
Massignano,2016-08-23,36792.42857142857
Massignano,2016-08-24,36288.57142857143
Massignano,2016-08-25,36680.857142857145
Massignano,2016-08-26,35973.142857142855
Massignano,2016-08-27,36380.28571428572
Massignano,2016-08-28,35686.57142857143
Massignano,2016-08-29,31519.0
Massignano,2016-08-30,31162.85714285714
Massignano,2016-08-31,29527.285714285714
Matelica,2016-08-16,120425.28571428571
Matelica,2016-08-17,128352.61991987143
Matelica,2016-08-18,128790.57142857143
Matelica,2016-08-19,131627.0
Matelica,2016-08-20,130807.14285714286
Matelica,2016-08-21,126196.71428571429
Matelica,2016-08-22,130220.42857142857
Matelica,2016-08-23,136082.7142857143
Matelica,2016-08-24,138088.2857142857
Matelica,2016-08-25,135928.14285714287
Matelica,2016-08-26,138020.0
Matelica,2016-08-27,136929.85714285713
Matelica,2016-08-28,129113.28571428571
Matelica,2016-08-29,134189.0
Matelica,2016-08-30,139231.42857142858
Matelica,2016-08-31,139631.57142857142
Mergo,2016-08-16,19260.14285714286
Mergo,2016-08-17,19553.285855714286
Mergo,2016-08-18,19683.85714285714
Mergo,2016-08-19,19248.85714285714
Mergo,2016-08-20,19057.285714285714
Mergo,2016-08-21,18166.714285714286
Mergo,2016-08-22,18920.285714285714
Mergo,2016-08-23,19525.714285714286
Mergo,2016-08-24,19801.714285714286
Mergo,2016-08-25,19756.714285714286
Mergo,2016-08-26,19614.285714285714
Mergo,2016-08-27,19422.285714285714
Mergo,2016-08-28,17943.285714285714
Mergo,2016-08-29,19113.85714285714
Mergo,2016-08-30,19637.571428571428
Mergo,2016-08-31,19595.85714285714
Mogliano,2016-08-16,57786.71428571428
Mogliano,2016-08-17,59813.61926428571
Mogliano,2016-08-18,60562.28571428572
Mogliano,2016-08-19,62134.28571428572
Mogliano,2016-08-20,61685.28571428572
Mogliano,2016-08-21,62562.57142857143
Mogliano,2016-08-22,64080.0
Mogliano,2016-08-23,61281.71428571428
Mogliano,2016-08-24,61799.142857142855
Mogliano,2016-08-25,62370.28571428572
Mogliano,2016-08-26,63416.42857142857
Mogliano,2016-08-27,62214.857142857145
Mogliano,2016-08-28,62542.28571428572
Mogliano,2016-08-29,66566.14285714286
Mogliano,2016-08-30,64791.0
Mogliano,2016-08-31,64749.28571428572
Mondavio,2016-08-16,309.57142857142856
Mondavio,2016-08-17,316.0476194285714
Mondavio,2016-08-18,322.14285714285717
Mondavio,2016-08-19,321.85714285714283
Mondavio,2016-08-20,317.57142857142856
Mondavio,2016-08-21,288.0
Mondavio,2016-08-22,322.85714285714283
Mondavio,2016-08-23,324.0
Mondavio,2016-08-24,297.14285714285717
Mondavio,2016-08-25,293.14285714285717
Mondavio,2016-08-26,314.7142857142857
Mondavio,2016-08-27,313.2857142857143
Mondavio,2016-08-28,296.57142857142856
Mondavio,2016-08-29,307.0
Mondavio,2016-08-30,322.57142857142856
Mondavio,2016-08-31,321.85714285714283
Monsampietro Morico,2016-08-16,13789.57142857143
Monsampietro Morico,2016-08-17,13953.095258428571
Monsampietro Morico,2016-08-18,13577.142857142857
Monsampietro Morico,2016-08-19,13519.42857142857
Monsampietro Morico,2016-08-20,13558.714285714286
Monsampietro Morico,2016-08-21,13001.57142857143
Monsampietro Morico,2016-08-22,13381.285714285714
Monsampietro Morico,2016-08-23,13669.0
Monsampietro Morico,2016-08-24,13391.714285714286
Monsampietro Morico,2016-08-25,13600.42857142857
Monsampietro Morico,2016-08-26,13094.0
Monsampietro Morico,2016-08-27,13063.285714285714
Monsampietro Morico,2016-08-28,12274.714285714286
Monsampietro Morico,2016-08-29,12848.57142857143
Monsampietro Morico,2016-08-30,13036.57142857143
Monsampietro Morico,2016-08-31,13142.714285714286
Monsano,2016-08-16,64109.142857142855
Monsano,2016-08-17,62896.14335714286
Monsano,2016-08-18,63612.42857142857
Monsano,2016-08-19,63612.857142857145
Monsano,2016-08-20,64813.57142857143
Monsano,2016-08-21,60806.0
Monsano,2016-08-22,64513.28571428572
Monsano,2016-08-23,67721.28571428571
Monsano,2016-08-24,68000.14285714286
Monsano,2016-08-25,68753.0
Monsano,2016-08-26,67868.57142857143
Monsano,2016-08-27,66003.28571428571
Monsano,2016-08-28,62958.71428571428
Monsano,2016-08-29,65563.71428571429
Monsano,2016-08-30,70022.57142857143
Monsano,2016-08-31,69422.42857142857
Montalto delle Marche,2016-08-16,17596.14285714286
Montalto delle Marche,2016-08-17,17543.666694571428
Montalto delle Marche,2016-08-18,17356.428571428572
Montalto delle Marche,2016-08-19,17008.428571428572
Montalto delle Marche,2016-08-20,17303.571428571428
Montalto delle Marche,2016-08-21,16556.14285714286
Montalto delle Marche,2016-08-22,16504.85714285714
Montalto delle Marche,2016-08-23,16263.857142857143
Montalto delle Marche,2016-08-24,16360.42857142857
Montalto delle Marche,2016-08-25,16290.142857142857
Montalto delle Marche,2016-08-26,15718.714285714286
Montalto delle Marche,2016-08-27,15503.42857142857
Montalto delle Marche,2016-08-28,14961.857142857143
Montalto delle Marche,2016-08-29,15406.142857142857
Montalto delle Marche,2016-08-30,15334.57142857143
Montalto delle Marche,2016-08-31,15026.285714285714
Montappone,2016-08-16,18404.0
Montappone,2016-08-17,18920.00007142857
Montappone,2016-08-18,18709.714285714286
Montappone,2016-08-19,19364.85714285714
Montappone,2016-08-20,19939.285714285714
Montappone,2016-08-21,19576.714285714286
Montappone,2016-08-22,19468.714285714286
Montappone,2016-08-23,19026.714285714286
Montappone,2016-08-24,19017.285714285714
Montappone,2016-08-25,19200.285714285714
Montappone,2016-08-26,18743.85714285714
Montappone,2016-08-27,19203.0
Montappone,2016-08-28,18219.285714285714
Montappone,2016-08-29,19045.285714285714
Montappone,2016-08-30,19653.285714285714
Montappone,2016-08-31,19916.85714285714
Monte Cavallo,2016-08-16,3494.5714285714284
Monte Cavallo,2016-08-17,3507.761905885715
Monte Cavallo,2016-08-18,3483.1428571428573
Monte Cavallo,2016-08-19,3341.285714285714
Monte Cavallo,2016-08-20,3306.4285714285716
Monte Cavallo,2016-08-21,2978.4285714285716
Monte Cavallo,2016-08-22,2983.1428571428573
Monte Cavallo,2016-08-23,2863.285714285714
Monte Cavallo,2016-08-24,2732.4285714285716
Monte Cavallo,2016-08-25,2319.714285714286
Monte Cavallo,2016-08-26,2212.714285714286
Monte Cavallo,2016-08-27,2330.0
Monte Cavallo,2016-08-28,2299.4285714285716
Monte Cavallo,2016-08-29,2334.285714285714
Monte Cavallo,2016-08-30,2159.0
Monte Cavallo,2016-08-31,2015.142857142857
Monte Giberto,2016-08-16,17678.0
Monte Giberto,2016-08-17,17684.95241057143
Monte Giberto,2016-08-18,17811.571428571428
Monte Giberto,2016-08-19,17898.14285714286
Monte Giberto,2016-08-20,18043.0
Monte Giberto,2016-08-21,17912.85714285714
Monte Giberto,2016-08-22,18424.85714285714
Monte Giberto,2016-08-23,18433.285714285714
Monte Giberto,2016-08-24,18631.428571428572
Monte Giberto,2016-08-25,18505.14285714286
Monte Giberto,2016-08-26,18332.714285714286
Monte Giberto,2016-08-27,17993.428571428572
Monte Giberto,2016-08-28,17438.428571428572
Monte Giberto,2016-08-29,18310.14285714286
Monte Giberto,2016-08-30,18610.428571428572
Monte Giberto,2016-08-31,18436.85714285714
Monte Rinaldo,2016-08-16,7727.0
Monte Rinaldo,2016-08-17,7851.238113857143
Monte Rinaldo,2016-08-18,7643.142857142857
Monte Rinaldo,2016-08-19,7414.0
Monte Rinaldo,2016-08-20,7693.285714285715
Monte Rinaldo,2016-08-21,7438.142857142857
Monte Rinaldo,2016-08-22,7253.428571428572
Monte Rinaldo,2016-08-23,7355.714285714285
Monte Rinaldo,2016-08-24,7178.285714285715
Monte Rinaldo,2016-08-25,7353.142857142857
Monte Rinaldo,2016-08-26,7136.142857142857
Monte Rinaldo,2016-08-27,6904.0
Monte Rinaldo,2016-08-28,6691.428571428572
Monte Rinaldo,2016-08-29,7003.857142857143
Monte Rinaldo,2016-08-30,6765.285714285715
Monte Rinaldo,2016-08-31,6622.0
Monte Roberto,2016-08-16,50298.71428571428
Monte Roberto,2016-08-17,53003.333724285716
Monte Roberto,2016-08-18,53120.142857142855
Monte Roberto,2016-08-19,54442.57142857143
Monte Roberto,2016-08-20,53947.142857142855
Monte Roberto,2016-08-21,51560.57142857143
Monte Roberto,2016-08-22,55652.42857142857
Monte Roberto,2016-08-23,57102.71428571428
Monte Roberto,2016-08-24,58119.71428571428
Monte Roberto,2016-08-25,57710.0
Monte Roberto,2016-08-26,58361.42857142857
Monte Roberto,2016-08-27,56921.28571428572
Monte Roberto,2016-08-28,56439.28571428572
Monte Roberto,2016-08-29,58695.57142857143
Monte Roberto,2016-08-30,59199.28571428572
Monte Roberto,2016-08-31,59042.0
Monte San Giusto,2016-08-16,72704.28571428571
Monte San Giusto,2016-08-17,75472.3339377143
Monte San Giusto,2016-08-18,76881.85714285714
Monte San Giusto,2016-08-19,76034.28571428571
Monte San Giusto,2016-08-20,75783.42857142857
Monte San Giusto,2016-08-21,74489.57142857143
Monte San Giusto,2016-08-22,78967.42857142857
Monte San Giusto,2016-08-23,81697.42857142857
Monte San Giusto,2016-08-24,82528.0
Monte San Giusto,2016-08-25,84741.57142857143
Monte San Giusto,2016-08-26,83741.57142857143
Monte San Giusto,2016-08-27,82717.85714285714
Monte San Giusto,2016-08-28,79734.14285714286
Monte San Giusto,2016-08-29,84767.0
Monte San Giusto,2016-08-30,87509.14285714286
Monte San Giusto,2016-08-31,88322.0
Monte San Martino,2016-08-16,22896.571428571428
Monte San Martino,2016-08-17,22515.33338714286
Monte San Martino,2016-08-18,22334.0
Monte San Martino,2016-08-19,23692.0
Monte San Martino,2016-08-20,23040.85714285714
Monte San Martino,2016-08-21,22086.14285714286
Monte San Martino,2016-08-22,21236.714285714286
Monte San Martino,2016-08-23,20607.0
Monte San Martino,2016-08-24,20629.0
Monte San Martino,2016-08-25,18758.714285714286
Monte San Martino,2016-08-26,18483.0
Monte San Martino,2016-08-27,18167.714285714286
Monte San Martino,2016-08-28,17718.85714285714
Monte San Martino,2016-08-29,17817.85714285714
Monte San Martino,2016-08-30,17812.0
Monte San Martino,2016-08-31,17508.85714285714
Monte San Pietrangeli,2016-08-16,56957.42857142857
Monte San Pietrangeli,2016-08-17,59431.42889685714
Monte San Pietrangeli,2016-08-18,60262.71428571428
Monte San Pietrangeli,2016-08-19,61634.42857142857
Monte San Pietrangeli,2016-08-20,58055.28571428572
Monte San Pietrangeli,2016-08-21,57200.28571428572
Monte San Pietrangeli,2016-08-22,60422.42857142857
Monte San Pietrangeli,2016-08-23,63574.0
Monte San Pietrangeli,2016-08-24,63840.71428571428
Monte San Pietrangeli,2016-08-25,64076.28571428572
Monte San Pietrangeli,2016-08-26,64165.71428571428
Monte San Pietrangeli,2016-08-27,63157.42857142857
Monte San Pietrangeli,2016-08-28,59301.57142857143
Monte San Pietrangeli,2016-08-29,64929.857142857145
Monte San Pietrangeli,2016-08-30,69049.28571428571
Monte San Pietrangeli,2016-08-31,68640.57142857143
Monte San Vito,2016-08-16,94101.57142857143
Monte San Vito,2016-08-17,100146.71515328572
Monte San Vito,2016-08-18,99942.28571428571
Monte San Vito,2016-08-19,99235.0
Monte San Vito,2016-08-20,99187.85714285714
Monte San Vito,2016-08-21,95321.0
Monte San Vito,2016-08-22,101334.28571428571
Monte San Vito,2016-08-23,101860.85714285714
Monte San Vito,2016-08-24,101720.85714285714
Monte San Vito,2016-08-25,101910.14285714286
Monte San Vito,2016-08-26,101842.42857142857
Monte San Vito,2016-08-27,99285.57142857143
Monte San Vito,2016-08-28,94945.71428571429
Monte San Vito,2016-08-29,99633.14285714286
Monte San Vito,2016-08-30,103275.14285714286
Monte San Vito,2016-08-31,103623.71428571429
Monte Urano,2016-08-16,79435.57142857143
Monte Urano,2016-08-17,80550.857916
Monte Urano,2016-08-18,80987.57142857143
Monte Urano,2016-08-19,80472.71428571429
Monte Urano,2016-08-20,80057.0
Monte Urano,2016-08-21,79261.85714285714
Monte Urano,2016-08-22,86174.71428571429
Monte Urano,2016-08-23,86774.85714285714
Monte Urano,2016-08-24,87720.71428571429
Monte Urano,2016-08-25,88775.57142857143
Monte Urano,2016-08-26,88668.14285714286
Monte Urano,2016-08-27,86083.71428571429
Monte Urano,2016-08-28,81666.14285714286
Monte Urano,2016-08-29,87900.28571428571
Monte Urano,2016-08-30,91681.28571428571
Monte Urano,2016-08-31,91272.28571428571
Monte Vidon Combatte,2016-08-16,15555.0
Monte Vidon Combatte,2016-08-17,15657.95242792857
Monte Vidon Combatte,2016-08-18,15446.42857142857
Monte Vidon Combatte,2016-08-19,15155.857142857143
Monte Vidon Combatte,2016-08-20,15386.714285714286
Monte Vidon Combatte,2016-08-21,15374.57142857143
Monte Vidon Combatte,2016-08-22,15300.57142857143
Monte Vidon Combatte,2016-08-23,14789.142857142857
Monte Vidon Combatte,2016-08-24,14467.142857142857
Monte Vidon Combatte,2016-08-25,14450.42857142857
Monte Vidon Combatte,2016-08-26,14024.285714285714
Monte Vidon Combatte,2016-08-27,14089.857142857143
Monte Vidon Combatte,2016-08-28,13933.142857142857
Monte Vidon Combatte,2016-08-29,13499.285714285714
Monte Vidon Combatte,2016-08-30,13625.285714285714
Monte Vidon Combatte,2016-08-31,13299.857142857143
Monte Vidon Corrado,2016-08-16,12179.57142857143
Monte Vidon Corrado,2016-08-17,12190.238148571429
Monte Vidon Corrado,2016-08-18,11955.285714285714
Monte Vidon Corrado,2016-08-19,12180.285714285714
Monte Vidon Corrado,2016-08-20,12346.714285714286
Monte Vidon Corrado,2016-08-21,11791.57142857143
Monte Vidon Corrado,2016-08-22,12325.714285714286
Monte Vidon Corrado,2016-08-23,12348.857142857143
Monte Vidon Corrado,2016-08-24,12354.857142857143
Monte Vidon Corrado,2016-08-25,12421.285714285714
Monte Vidon Corrado,2016-08-26,12202.57142857143
Monte Vidon Corrado,2016-08-27,12297.142857142857
Monte Vidon Corrado,2016-08-28,11567.42857142857
Monte Vidon Corrado,2016-08-29,12414.285714285714
Monte Vidon Corrado,2016-08-30,12633.57142857143
Monte Vidon Corrado,2016-08-31,12807.57142857143
Montecarotto,2016-08-16,36789.28571428572
Montecarotto,2016-08-17,37329.428713857145
Montecarotto,2016-08-18,37733.28571428572
Montecarotto,2016-08-19,36977.71428571428
Montecarotto,2016-08-20,37431.57142857143
Montecarotto,2016-08-21,38879.142857142855
Montecarotto,2016-08-22,37655.142857142855
Montecarotto,2016-08-23,37324.57142857143
Montecarotto,2016-08-24,37457.57142857143
Montecarotto,2016-08-25,36448.857142857145
Montecarotto,2016-08-26,38452.57142857143
Montecarotto,2016-08-27,37862.142857142855
Montecarotto,2016-08-28,36074.42857142857
Montecarotto,2016-08-29,38198.28571428572
Montecarotto,2016-08-30,38608.857142857145
Montecarotto,2016-08-31,38042.42857142857
Montecassiano,2016-08-16,121217.85714285714
Montecassiano,2016-08-17,132643.28695100002
Montecassiano,2016-08-18,133350.2857142857
Montecassiano,2016-08-19,136940.0
Montecassiano,2016-08-20,136297.42857142858
Montecassiano,2016-08-21,137030.42857142858
Montecassiano,2016-08-22,142331.85714285713
Montecassiano,2016-08-23,148544.7142857143
Montecassiano,2016-08-24,152663.2857142857
Montecassiano,2016-08-25,151918.85714285713
Montecassiano,2016-08-26,153129.2857142857
Montecassiano,2016-08-27,157543.85714285713
Montecassiano,2016-08-28,153596.14285714287
Montecassiano,2016-08-29,151803.2857142857
Montecassiano,2016-08-30,155447.57142857142
Montecassiano,2016-08-31,156810.42857142858
Montecosaro,2016-08-16,70309.85714285714
Montecosaro,2016-08-17,71605.57185114286
Montecosaro,2016-08-18,71980.14285714286
Montecosaro,2016-08-19,72684.71428571429
Montecosaro,2016-08-20,71974.42857142857
Montecosaro,2016-08-21,69462.57142857143
Montecosaro,2016-08-22,72437.57142857143
Montecosaro,2016-08-23,75069.42857142857
Montecosaro,2016-08-24,75079.42857142857
Montecosaro,2016-08-25,77378.0
Montecosaro,2016-08-26,76456.57142857143
Montecosaro,2016-08-27,76220.85714285714
Montecosaro,2016-08-28,74058.85714285714
Montecosaro,2016-08-29,74827.71428571429
Montecosaro,2016-08-30,76966.0
Montecosaro,2016-08-31,76627.71428571429
Montedinove,2016-08-16,124.14285714285714
Montedinove,2016-08-17,126.47619085714284
Montedinove,2016-08-18,124.85714285714286
Montedinove,2016-08-19,122.0
Montedinove,2016-08-20,123.42857142857143
Montedinove,2016-08-21,113.28571428571429
Montedinove,2016-08-22,117.85714285714286
Montedinove,2016-08-23,112.71428571428571
Montedinove,2016-08-24,116.28571428571429
Montedinove,2016-08-25,111.85714285714286
Montedinove,2016-08-26,109.71428571428571
Montedinove,2016-08-27,109.71428571428571
Montedinove,2016-08-28,106.57142857142857
Montedinove,2016-08-29,108.71428571428571
Montedinove,2016-08-30,110.0
Montedinove,2016-08-31,108.42857142857143
Montefalcone Appennino,2016-08-16,5352.142857142857
Montefalcone Appennino,2016-08-17,5315.952389857142
Montefalcone Appennino,2016-08-18,5293.714285714285
Montefalcone Appennino,2016-08-19,5466.142857142857
Montefalcone Appennino,2016-08-20,5511.142857142857
Montefalcone Appennino,2016-08-21,5137.571428571428
Montefalcone Appennino,2016-08-22,4888.142857142857
Montefalcone Appennino,2016-08-23,4903.571428571428
Montefalcone Appennino,2016-08-24,4933.142857142857
Montefalcone Appennino,2016-08-25,4697.571428571428
Montefalcone Appennino,2016-08-26,4575.857142857143
Montefalcone Appennino,2016-08-27,4515.571428571428
Montefalcone Appennino,2016-08-28,4330.857142857143
Montefalcone Appennino,2016-08-29,4415.571428571428
Montefalcone Appennino,2016-08-30,4433.142857142857
Montefalcone Appennino,2016-08-31,4322.142857142857
Montefano,2016-08-16,66877.57142857143
Montefano,2016-08-17,71729.619454
Montefano,2016-08-18,71334.0
Montefano,2016-08-19,71719.42857142857
Montefano,2016-08-20,73099.85714285714
Montefano,2016-08-21,71232.28571428571
Montefano,2016-08-22,74343.14285714286
Montefano,2016-08-23,76183.71428571429
Montefano,2016-08-24,77609.28571428571
Montefano,2016-08-25,76879.14285714286
Montefano,2016-08-26,77486.71428571429
Montefano,2016-08-27,77538.85714285714
Montefano,2016-08-28,76902.42857142857
Montefano,2016-08-29,79211.42857142857
Montefano,2016-08-30,79297.28571428571
Montefano,2016-08-31,79195.57142857143
Montefiore dell'Aso,2016-08-16,59718.0
Montefiore dell'Aso,2016-08-17,58572.95270235714
Montefiore dell'Aso,2016-08-18,58857.28571428572
Montefiore dell'Aso,2016-08-19,58596.71428571428
Montefiore dell'Aso,2016-08-20,57898.857142857145
Montefiore dell'Aso,2016-08-21,53561.28571428572
Montefiore dell'Aso,2016-08-22,52382.142857142855
Montefiore dell'Aso,2016-08-23,51753.857142857145
Montefiore dell'Aso,2016-08-24,51745.57142857143
Montefiore dell'Aso,2016-08-25,50962.42857142857
Montefiore dell'Aso,2016-08-26,50315.857142857145
Montefiore dell'Aso,2016-08-27,49509.71428571428
Montefiore dell'Aso,2016-08-28,47489.142857142855
Montefiore dell'Aso,2016-08-29,47740.0
Montefiore dell'Aso,2016-08-30,47239.857142857145
Montefiore dell'Aso,2016-08-31,45703.42857142857
Montegiorgio,2016-08-16,114694.57142857143
Montegiorgio,2016-08-17,116418.52463042857
Montegiorgio,2016-08-18,118951.14285714286
Montegiorgio,2016-08-19,120081.71428571429
Montegiorgio,2016-08-20,120592.0
Montegiorgio,2016-08-21,115726.71428571429
Montegiorgio,2016-08-22,123576.0
Montegiorgio,2016-08-23,122424.71428571429
Montegiorgio,2016-08-24,122454.0
Montegiorgio,2016-08-25,122319.14285714286
Montegiorgio,2016-08-26,122837.28571428571
Montegiorgio,2016-08-27,121103.0
Montegiorgio,2016-08-28,116551.71428571429
Montegiorgio,2016-08-29,123754.28571428571
Montegiorgio,2016-08-30,126241.42857142857
Montegiorgio,2016-08-31,126859.28571428571
Montegranaro,2016-08-16,120038.57142857143
Montegranaro,2016-08-17,123059.66780114287
Montegranaro,2016-08-18,125288.14285714286
Montegranaro,2016-08-19,125198.14285714286
Montegranaro,2016-08-20,125211.0
Montegranaro,2016-08-21,121558.42857142857
Montegranaro,2016-08-22,128817.0
Montegranaro,2016-08-23,137297.2857142857
Montegranaro,2016-08-24,137602.42857142858
Montegranaro,2016-08-25,140844.14285714287
Montegranaro,2016-08-26,139890.0
Montegranaro,2016-08-27,138161.2857142857
Montegranaro,2016-08-28,129422.0
Montegranaro,2016-08-29,141881.85714285713
Montegranaro,2016-08-30,149452.0
Montegranaro,2016-08-31,148211.85714285713
Monteleone di Fermo,2016-08-16,10088.714285714286
Monteleone di Fermo,2016-08-17,10229.238110142856
Monteleone di Fermo,2016-08-18,9655.0
Monteleone di Fermo,2016-08-19,9680.0
Monteleone di Fermo,2016-08-20,9608.42857142857
Monteleone di Fermo,2016-08-21,9322.0
Monteleone di Fermo,2016-08-22,9566.0
Monteleone di Fermo,2016-08-23,9848.142857142857
Monteleone di Fermo,2016-08-24,9513.57142857143
Monteleone di Fermo,2016-08-25,9569.42857142857
Monteleone di Fermo,2016-08-26,9349.142857142857
Monteleone di Fermo,2016-08-27,9263.0
Monteleone di Fermo,2016-08-28,8668.42857142857
Monteleone di Fermo,2016-08-29,9063.42857142857
Monteleone di Fermo,2016-08-30,9315.285714285714
Monteleone di Fermo,2016-08-31,9381.714285714286
Montelparo,2016-08-16,18033.14285714286
Montelparo,2016-08-17,18130.952410857142
Montelparo,2016-08-18,17521.714285714286
Montelparo,2016-08-19,17239.14285714286
Montelparo,2016-08-20,17588.285714285714
Montelparo,2016-08-21,16884.85714285714
Montelparo,2016-08-22,16791.14285714286
Montelparo,2016-08-23,17075.0
Montelparo,2016-08-24,16730.0
Montelparo,2016-08-25,16709.14285714286
Montelparo,2016-08-26,16530.571428571428
Montelparo,2016-08-27,15951.857142857143
Montelparo,2016-08-28,15169.0
Montelparo,2016-08-29,15697.57142857143
Montelparo,2016-08-30,15722.857142857143
Montelparo,2016-08-31,15397.57142857143
Montelupone,2016-08-16,69334.28571428571
Montelupone,2016-08-17,75093.95268114285
Montelupone,2016-08-18,75866.85714285714
Montelupone,2016-08-19,74979.57142857143
Montelupone,2016-08-20,75039.0
Montelupone,2016-08-21,73491.57142857143
Montelupone,2016-08-22,75868.85714285714
Montelupone,2016-08-23,79539.57142857143
Montelupone,2016-08-24,80469.71428571429
Montelupone,2016-08-25,81072.14285714286
Montelupone,2016-08-26,80671.0
Montelupone,2016-08-27,78992.14285714286
Montelupone,2016-08-28,76480.0
Montelupone,2016-08-29,79297.57142857143
Montelupone,2016-08-30,82042.71428571429
Montelupone,2016-08-31,82613.28571428571
Montemarciano,2016-08-16,204093.0
Montemarciano,2016-08-17,190854.33528228573
Montemarciano,2016-08-18,193626.14285714287
Montemarciano,2016-08-19,187322.2857142857
Montemarciano,2016-08-20,202234.0
Montemarciano,2016-08-21,223064.2857142857
Montemarciano,2016-08-22,189747.42857142858
Montemarciano,2016-08-23,176007.2857142857
Montemarciano,2016-08-24,176055.14285714287
Montemarciano,2016-08-25,179126.57142857142
Montemarciano,2016-08-26,178835.7142857143
Montemarciano,2016-08-27,193234.42857142858
Montemarciano,2016-08-28,204498.85714285713
Montemarciano,2016-08-29,187634.85714285713
Montemarciano,2016-08-30,172804.85714285713
Montemarciano,2016-08-31,174308.2857142857
Monterubbiano,2016-08-16,62212.0
Monterubbiano,2016-08-17,61799.57157921429
Monterubbiano,2016-08-18,61115.0
Monterubbiano,2016-08-19,61141.857142857145
Monterubbiano,2016-08-20,60034.57142857143
Monterubbiano,2016-08-21,58742.28571428572
Monterubbiano,2016-08-22,57291.857142857145
Monterubbiano,2016-08-23,57836.57142857143
Monterubbiano,2016-08-24,56663.0
Monterubbiano,2016-08-25,56830.57142857143
Monterubbiano,2016-08-26,56528.71428571428
Monterubbiano,2016-08-27,54420.142857142855
Monterubbiano,2016-08-28,52941.71428571428
Monterubbiano,2016-08-29,52946.42857142857
Monterubbiano,2016-08-30,53651.42857142857
Monterubbiano,2016-08-31,52331.42857142857
Montottone,2016-08-16,22791.571428571428
Montottone,2016-08-17,23072.857202285715
Montottone,2016-08-18,23820.571428571428
Montottone,2016-08-19,23585.285714285714
Montottone,2016-08-20,23812.0
Montottone,2016-08-21,22680.14285714286
Montottone,2016-08-22,23474.428571428572
Montottone,2016-08-23,23570.571428571428
Montottone,2016-08-24,23752.285714285714
Montottone,2016-08-25,23665.428571428572
Montottone,2016-08-26,23210.14285714286
Montottone,2016-08-27,23068.714285714286
Montottone,2016-08-28,22114.714285714286
Montottone,2016-08-29,22699.571428571428
Montottone,2016-08-30,23083.285714285714
Montottone,2016-08-31,22708.428571428572
Moresco,2016-08-16,10522.714285714286
Moresco,2016-08-17,10233.00003
Moresco,2016-08-18,10139.42857142857
Moresco,2016-08-19,9916.285714285714
Moresco,2016-08-20,10187.0
Moresco,2016-08-21,9614.285714285714
Moresco,2016-08-22,9143.57142857143
Moresco,2016-08-23,8983.142857142857
Moresco,2016-08-24,8843.142857142857
Moresco,2016-08-25,8837.57142857143
Moresco,2016-08-26,8576.42857142857
Moresco,2016-08-27,8572.142857142857
Moresco,2016-08-28,8093.428571428572
Moresco,2016-08-29,8106.571428571428
Moresco,2016-08-30,8244.285714285714
Moresco,2016-08-31,7870.428571428572
Morro d'Alba,2016-08-16,34680.71428571428
Morro d'Alba,2016-08-17,34281.809583857146
Morro d'Alba,2016-08-18,34829.71428571428
Morro d'Alba,2016-08-19,34418.57142857143
Morro d'Alba,2016-08-20,34947.42857142857
Morro d'Alba,2016-08-21,33938.142857142855
Morro d'Alba,2016-08-22,34990.0
Morro d'Alba,2016-08-23,34935.42857142857
Morro d'Alba,2016-08-24,34961.857142857145
Morro d'Alba,2016-08-25,34401.0
Morro d'Alba,2016-08-26,34861.0
Morro d'Alba,2016-08-27,34485.57142857143
Morro d'Alba,2016-08-28,33775.0
Morro d'Alba,2016-08-29,34248.28571428572
Morro d'Alba,2016-08-30,34378.28571428572
Morro d'Alba,2016-08-31,33826.28571428572
Morrovalle,2016-08-16,122639.14285714286
Morrovalle,2016-08-17,127176.28647542857
Morrovalle,2016-08-18,127663.0
Morrovalle,2016-08-19,127429.0
Morrovalle,2016-08-20,126924.14285714286
Morrovalle,2016-08-21,126093.14285714286
Morrovalle,2016-08-22,129590.42857142857
Morrovalle,2016-08-23,135051.42857142858
Morrovalle,2016-08-24,138069.0
Morrovalle,2016-08-25,139174.85714285713
Morrovalle,2016-08-26,138817.85714285713
Morrovalle,2016-08-27,139733.0
Morrovalle,2016-08-28,133822.7142857143
Morrovalle,2016-08-29,135570.42857142858
Morrovalle,2016-08-30,143110.7142857143
Morrovalle,2016-08-31,143960.7142857143
Muccia,2016-08-16,34073.71428571428
Muccia,2016-08-17,31815.857255214283
Muccia,2016-08-18,31937.14285714286
Muccia,2016-08-19,31346.0
Muccia,2016-08-20,31179.571428571428
Muccia,2016-08-21,29985.0
Muccia,2016-08-22,30121.85714285714
Muccia,2016-08-23,28578.714285714286
Muccia,2016-08-24,29278.14285714286
Muccia,2016-08-25,26915.85714285714
Muccia,2016-08-26,25438.0
Muccia,2016-08-27,25683.571428571428
Muccia,2016-08-28,25108.14285714286
Muccia,2016-08-29,26055.14285714286
Muccia,2016-08-30,24481.85714285714
Muccia,2016-08-31,23577.14285714286
Numana,2016-08-16,391053.28571428574
Numana,2016-08-17,392814.33790800004
Numana,2016-08-18,385691.5714285714
Numana,2016-08-19,384784.71428571426
Numana,2016-08-20,369261.5714285714
Numana,2016-08-21,375918.28571428574
Numana,2016-08-22,347119.14285714284
Numana,2016-08-23,342331.85714285716
Numana,2016-08-24,341958.71428571426
Numana,2016-08-25,333763.71428571426
Numana,2016-08-26,336198.28571428574
Numana,2016-08-27,326888.0
Numana,2016-08-28,310553.5714285714
Numana,2016-08-29,272277.85714285716
Numana,2016-08-30,254700.42857142858
Numana,2016-08-31,249442.2857142857
Offagna,2016-08-16,27026.14285714286
Offagna,2016-08-17,27360.00015457143
Offagna,2016-08-18,28070.85714285714
Offagna,2016-08-19,27295.0
Offagna,2016-08-20,27505.285714285714
Offagna,2016-08-21,28596.0
Offagna,2016-08-22,27921.85714285714
Offagna,2016-08-23,28546.285714285714
Offagna,2016-08-24,28650.714285714286
Offagna,2016-08-25,29238.571428571428
Offagna,2016-08-26,29154.428571428572
Offagna,2016-08-27,27949.714285714286
Offagna,2016-08-28,26561.14285714286
Offagna,2016-08-29,27067.571428571428
Offagna,2016-08-30,27720.285714285714
Offagna,2016-08-31,27781.0
Ortezzano,2016-08-16,14537.0
Ortezzano,2016-08-17,14771.190557142856
Ortezzano,2016-08-18,14369.714285714286
Ortezzano,2016-08-19,14301.0
Ortezzano,2016-08-20,14344.714285714286
Ortezzano,2016-08-21,14185.714285714286
Ortezzano,2016-08-22,14010.857142857143
Ortezzano,2016-08-23,14139.42857142857
Ortezzano,2016-08-24,13287.285714285714
Ortezzano,2016-08-25,13661.142857142857
Ortezzano,2016-08-26,12810.0
Ortezzano,2016-08-27,12960.0
Ortezzano,2016-08-28,12816.0
Ortezzano,2016-08-29,12634.714285714286
Ortezzano,2016-08-30,12704.142857142857
Ortezzano,2016-08-31,12248.285714285714
Osimo,2016-08-16,368735.0
Osimo,2016-08-17,391138.43183871446
Osimo,2016-08-18,396726.4285714286
Osimo,2016-08-19,395709.14285714284
Osimo,2016-08-20,400237.71428571426
Osimo,2016-08-21,395529.14285714284
Osimo,2016-08-22,408816.28571428574
Osimo,2016-08-23,426952.5714285714
Osimo,2016-08-24,428464.5714285714
Osimo,2016-08-25,431959.85714285716
Osimo,2016-08-26,429455.5714285714
Osimo,2016-08-27,426000.5714285714
Osimo,2016-08-28,408773.85714285716
Osimo,2016-08-29,425505.85714285716
Osimo,2016-08-30,439280.4285714286
Osimo,2016-08-31,442137.4285714286
Ostra,2016-08-16,145634.0
Ostra,2016-08-17,148441.1914707143
Ostra,2016-08-18,145099.2857142857
Ostra,2016-08-19,144681.2857142857
Ostra,2016-08-20,145706.14285714287
Ostra,2016-08-21,140182.57142857142
Ostra,2016-08-22,144899.0
Ostra,2016-08-23,145432.2857142857
Ostra,2016-08-24,145079.85714285713
Ostra,2016-08-25,146751.42857142858
Ostra,2016-08-26,151176.85714285713
Ostra,2016-08-27,149400.2857142857
Ostra,2016-08-28,142790.14285714287
Ostra,2016-08-29,146659.14285714287
Ostra,2016-08-30,149737.42857142858
Ostra,2016-08-31,149613.0
Ostra Vetere,2016-08-16,84000.14285714286
Ostra Vetere,2016-08-17,81231.23843414287
Ostra Vetere,2016-08-18,81299.0
Ostra Vetere,2016-08-19,82224.57142857143
Ostra Vetere,2016-08-20,81356.14285714286
Ostra Vetere,2016-08-21,80804.71428571429
Ostra Vetere,2016-08-22,83799.42857142857
Ostra Vetere,2016-08-23,83443.28571428571
Ostra Vetere,2016-08-24,83396.28571428571
Ostra Vetere,2016-08-25,81644.57142857143
Ostra Vetere,2016-08-26,82881.57142857143
Ostra Vetere,2016-08-27,82040.85714285714
Ostra Vetere,2016-08-28,79608.85714285714
Ostra Vetere,2016-08-29,82568.14285714286
Ostra Vetere,2016-08-30,82450.14285714286
Ostra Vetere,2016-08-31,81453.57142857143
Pedaso,2016-08-16,70879.71428571429
Pedaso,2016-08-17,66839.90565942858
Pedaso,2016-08-18,66534.71428571429
Pedaso,2016-08-19,65797.28571428571
Pedaso,2016-08-20,66990.28571428571
Pedaso,2016-08-21,77568.42857142857
Pedaso,2016-08-22,59349.857142857145
Pedaso,2016-08-23,62218.142857142855
Pedaso,2016-08-24,58195.57142857143
Pedaso,2016-08-25,58109.857142857145
Pedaso,2016-08-26,59474.857142857145
Pedaso,2016-08-27,61423.42857142857
Pedaso,2016-08-28,61211.57142857143
Pedaso,2016-08-29,52470.142857142855
Pedaso,2016-08-30,53543.142857142855
Pedaso,2016-08-31,50817.71428571428
Penna San Giovanni,2016-08-16,35141.857142857145
Penna San Giovanni,2016-08-17,34317.761993142856
Penna San Giovanni,2016-08-18,34085.857142857145
Penna San Giovanni,2016-08-19,34734.142857142855
Penna San Giovanni,2016-08-20,34569.57142857143
Penna San Giovanni,2016-08-21,34116.857142857145
Penna San Giovanni,2016-08-22,32203.571428571428
Penna San Giovanni,2016-08-23,31663.14285714286
Penna San Giovanni,2016-08-24,31455.285714285714
Penna San Giovanni,2016-08-25,29566.571428571428
Penna San Giovanni,2016-08-26,29126.571428571428
Penna San Giovanni,2016-08-27,28656.14285714286
Penna San Giovanni,2016-08-28,28996.285714285714
Penna San Giovanni,2016-08-29,29825.714285714286
Penna San Giovanni,2016-08-30,29262.571428571428
Penna San Giovanni,2016-08-31,28564.0
Petriolo,2016-08-16,29296.285714285714
Petriolo,2016-08-17,31471.381088000002
Petriolo,2016-08-18,30537.571428571428
Petriolo,2016-08-19,30506.714285714286
Petriolo,2016-08-20,30766.714285714286
Petriolo,2016-08-21,30557.0
Petriolo,2016-08-22,31980.85714285714
Petriolo,2016-08-23,31590.85714285714
Petriolo,2016-08-24,32460.85714285714
Petriolo,2016-08-25,32094.85714285714
Petriolo,2016-08-26,32097.571428571428
Petriolo,2016-08-27,31879.0
Petriolo,2016-08-28,31470.714285714286
Petriolo,2016-08-29,32484.428571428572
Petriolo,2016-08-30,33360.0
Petriolo,2016-08-31,33195.57142857143
Petritoli,2016-08-16,39600.857142857145
Petritoli,2016-08-17,40953.666818428566
Petritoli,2016-08-18,39324.142857142855
Petritoli,2016-08-19,40447.142857142855
Petritoli,2016-08-20,40971.57142857143
Petritoli,2016-08-21,42224.42857142857
Petritoli,2016-08-22,42381.28571428572
Petritoli,2016-08-23,40016.28571428572
Petritoli,2016-08-24,39272.142857142855
Petritoli,2016-08-25,39570.28571428572
Petritoli,2016-08-26,38800.0
Petritoli,2016-08-27,39208.42857142857
Petritoli,2016-08-28,37867.42857142857
Petritoli,2016-08-29,35904.57142857143
Petritoli,2016-08-30,36693.28571428572
Petritoli,2016-08-31,36360.57142857143
Pieve Torina,2016-08-16,31247.0
Pieve Torina,2016-08-17,29792.714329285714
Pieve Torina,2016-08-18,29667.285714285714
Pieve Torina,2016-08-19,28303.571428571428
Pieve Torina,2016-08-20,28075.0
Pieve Torina,2016-08-21,26471.14285714286
Pieve Torina,2016-08-22,25422.0
Pieve Torina,2016-08-23,24651.0
Pieve Torina,2016-08-24,23533.285714285714
Pieve Torina,2016-08-25,20374.285714285714
Pieve Torina,2016-08-26,19308.428571428572
Pieve Torina,2016-08-27,19864.14285714286
Pieve Torina,2016-08-28,19222.571428571428
Pieve Torina,2016-08-29,19170.85714285714
Pieve Torina,2016-08-30,17887.571428571428
Pieve Torina,2016-08-31,17175.714285714286
Pievebovigliana,2016-08-16,29326.14285714286
Pievebovigliana,2016-08-17,27276.619081357145
Pievebovigliana,2016-08-18,27733.714285714286
Pievebovigliana,2016-08-19,27001.285714285714
Pievebovigliana,2016-08-20,26840.285714285714
Pievebovigliana,2016-08-21,25893.571428571428
Pievebovigliana,2016-08-22,25490.85714285714
Pievebovigliana,2016-08-23,23930.85714285714
Pievebovigliana,2016-08-24,24591.571428571428
Pievebovigliana,2016-08-25,21744.571428571428
Pievebovigliana,2016-08-26,20279.0
Pievebovigliana,2016-08-27,20550.285714285714
Pievebovigliana,2016-08-28,20208.714285714286
Pievebovigliana,2016-08-29,20246.85714285714
Pievebovigliana,2016-08-30,18880.428571428572
Pievebovigliana,2016-08-31,18136.285714285714
Pioraco,2016-08-16,9316.285714285714
Pioraco,2016-08-17,9170.000017714285
Pioraco,2016-08-18,9487.714285714286
Pioraco,2016-08-19,9268.285714285714
Pioraco,2016-08-20,8982.714285714286
Pioraco,2016-08-21,9065.42857142857
Pioraco,2016-08-22,8990.142857142857
Pioraco,2016-08-23,9226.142857142857
Pioraco,2016-08-24,9262.857142857143
Pioraco,2016-08-25,9284.714285714286
Pioraco,2016-08-26,9166.57142857143
Pioraco,2016-08-27,9185.714285714286
Pioraco,2016-08-28,8795.285714285714
Pioraco,2016-08-29,8920.285714285714
Pioraco,2016-08-30,9463.714285714286
Pioraco,2016-08-31,9409.0
Poggio San Marcello,2016-08-16,20117.0
Poggio San Marcello,2016-08-17,19573.047694785713
Poggio San Marcello,2016-08-18,19226.85714285714
Poggio San Marcello,2016-08-19,18732.571428571428
Poggio San Marcello,2016-08-20,18674.714285714286
Poggio San Marcello,2016-08-21,19600.571428571428
Poggio San Marcello,2016-08-22,18773.428571428572
Poggio San Marcello,2016-08-23,18506.285714285714
Poggio San Marcello,2016-08-24,18890.85714285714
Poggio San Marcello,2016-08-25,18986.14285714286
Poggio San Marcello,2016-08-26,18284.428571428572
Poggio San Marcello,2016-08-27,18576.714285714286
Poggio San Marcello,2016-08-28,18378.14285714286
Poggio San Marcello,2016-08-29,18399.85714285714
Poggio San Marcello,2016-08-30,18684.85714285714
Poggio San Marcello,2016-08-31,18786.14285714286
Poggio San Vicino,2016-08-16,17826.714285714286
Poggio San Vicino,2016-08-17,16008.238115642858
Poggio San Vicino,2016-08-18,15805.0
Poggio San Vicino,2016-08-19,15478.42857142857
Poggio San Vicino,2016-08-20,15425.42857142857
Poggio San Vicino,2016-08-21,14985.857142857143
Poggio San Vicino,2016-08-22,15259.57142857143
Poggio San Vicino,2016-08-23,15120.42857142857
Poggio San Vicino,2016-08-24,14201.285714285714
Poggio San Vicino,2016-08-25,15200.857142857143
Poggio San Vicino,2016-08-26,15255.142857142857
Poggio San Vicino,2016-08-27,15102.0
Poggio San Vicino,2016-08-28,14662.0
Poggio San Vicino,2016-08-29,15008.285714285714
Poggio San Vicino,2016-08-30,14915.285714285714
Poggio San Vicino,2016-08-31,14989.142857142857
Pollenza,2016-08-16,86122.71428571429
Pollenza,2016-08-17,80636.0005817143
Pollenza,2016-08-18,82549.42857142857
Pollenza,2016-08-19,82368.85714285714
Pollenza,2016-08-20,82119.57142857143
Pollenza,2016-08-21,84769.57142857143
Pollenza,2016-08-22,91170.14285714286
Pollenza,2016-08-23,83428.85714285714
Pollenza,2016-08-24,83486.71428571429
Pollenza,2016-08-25,85310.57142857143
Pollenza,2016-08-26,84530.0
Pollenza,2016-08-27,84391.0
Pollenza,2016-08-28,84693.28571428571
Pollenza,2016-08-29,89121.28571428571
Pollenza,2016-08-30,87382.28571428571
Pollenza,2016-08-31,85123.0
Polverigi,2016-08-16,61085.71428571428
Polverigi,2016-08-17,62359.19066
Polverigi,2016-08-18,63339.857142857145
Polverigi,2016-08-19,63359.28571428572
Polverigi,2016-08-20,63363.71428571428
Polverigi,2016-08-21,60468.0
Polverigi,2016-08-22,65413.857142857145
Polverigi,2016-08-23,66716.85714285714
Polverigi,2016-08-24,68109.42857142857
Polverigi,2016-08-25,66981.14285714286
Polverigi,2016-08-26,66299.14285714286
Polverigi,2016-08-27,70196.42857142857
Polverigi,2016-08-28,66489.42857142857
Polverigi,2016-08-29,71145.0
Polverigi,2016-08-30,71693.14285714286
Polverigi,2016-08-31,73939.57142857143
Ponzano di Fermo,2016-08-16,24780.0
Ponzano di Fermo,2016-08-17,25008.190546285714
Ponzano di Fermo,2016-08-18,25455.714285714286
Ponzano di Fermo,2016-08-19,25746.85714285714
Ponzano di Fermo,2016-08-20,25636.85714285714
Ponzano di Fermo,2016-08-21,25586.14285714286
Ponzano di Fermo,2016-08-22,26144.85714285714
Ponzano di Fermo,2016-08-23,26621.571428571428
Ponzano di Fermo,2016-08-24,26767.85714285714
Ponzano di Fermo,2016-08-25,27144.85714285714
Ponzano di Fermo,2016-08-26,26902.714285714286
Ponzano di Fermo,2016-08-27,26184.571428571428
Ponzano di Fermo,2016-08-28,25436.14285714286
Ponzano di Fermo,2016-08-29,26525.85714285714
Ponzano di Fermo,2016-08-30,27101.714285714286
Ponzano di Fermo,2016-08-31,27018.14285714286
Porto Recanati,2016-08-16,630271.1428571428
Porto Recanati,2016-08-17,504222.6249085715
Porto Recanati,2016-08-18,499331.14285714284
Porto Recanati,2016-08-19,495783.85714285716
Porto Recanati,2016-08-20,498228.71428571426
Porto Recanati,2016-08-21,503638.5714285714
Porto Recanati,2016-08-22,470877.28571428574
Porto Recanati,2016-08-23,447088.28571428574
Porto Recanati,2016-08-24,441305.71428571426
Porto Recanati,2016-08-25,440749.5714285714
Porto Recanati,2016-08-26,439651.85714285716
Porto Recanati,2016-08-27,447858.85714285716
Porto Recanati,2016-08-28,454688.0
Porto Recanati,2016-08-29,389707.71428571426
Porto Recanati,2016-08-30,362077.4285714286
Porto Recanati,2016-08-31,349028.28571428574
Porto San Giorgio,2016-08-16,419098.0
Porto San Giorgio,2016-08-17,418242.19523142866
Porto San Giorgio,2016-08-18,416581.71428571426
Porto San Giorgio,2016-08-19,409373.28571428574
Porto San Giorgio,2016-08-20,418693.0
Porto San Giorgio,2016-08-21,454145.71428571426
Porto San Giorgio,2016-08-22,394810.28571428574
Porto San Giorgio,2016-08-23,377117.5714285714
Porto San Giorgio,2016-08-24,376277.71428571426
Porto San Giorgio,2016-08-25,375680.71428571426
Porto San Giorgio,2016-08-26,371127.71428571426
Porto San Giorgio,2016-08-27,392596.85714285716
Porto San Giorgio,2016-08-28,422462.28571428574
Porto San Giorgio,2016-08-29,344002.85714285716
Porto San Giorgio,2016-08-30,322268.5714285714
Porto San Giorgio,2016-08-31,317859.28571428574
Porto Sant'Elpidio,2016-08-16,420554.85714285716
Porto Sant'Elpidio,2016-08-17,416642.0049500001
Porto Sant'Elpidio,2016-08-18,408842.5714285714
Porto Sant'Elpidio,2016-08-19,417612.4285714286
Porto Sant'Elpidio,2016-08-20,421805.28571428574
Porto Sant'Elpidio,2016-08-21,432940.0
Porto Sant'Elpidio,2016-08-22,393693.5714285714
Porto Sant'Elpidio,2016-08-23,391639.71428571426
Porto Sant'Elpidio,2016-08-24,397285.4285714286
Porto Sant'Elpidio,2016-08-25,393035.0
Porto Sant'Elpidio,2016-08-26,401161.85714285716
Porto Sant'Elpidio,2016-08-27,408661.28571428574
Porto Sant'Elpidio,2016-08-28,410584.71428571426
Porto Sant'Elpidio,2016-08-29,373344.28571428574
Porto Sant'Elpidio,2016-08-30,363263.0
Porto Sant'Elpidio,2016-08-31,359651.14285714284
Potenza Picena,2016-08-16,373762.28571428574
Potenza Picena,2016-08-17,374197.43222
Potenza Picena,2016-08-18,375562.85714285716
Potenza Picena,2016-08-19,374023.4285714286
Potenza Picena,2016-08-20,373679.28571428574
Potenza Picena,2016-08-21,372868.4285714286
Potenza Picena,2016-08-22,366383.71428571426
Potenza Picena,2016-08-23,361769.85714285716
Potenza Picena,2016-08-24,361561.71428571426
Potenza Picena,2016-08-25,365287.14285714284
Potenza Picena,2016-08-26,363211.71428571426
Potenza Picena,2016-08-27,358922.85714285716
Potenza Picena,2016-08-28,360070.85714285716
Potenza Picena,2016-08-29,349138.14285714284
Potenza Picena,2016-08-30,335376.5714285714
Potenza Picena,2016-08-31,329380.0
Rapagnano,2016-08-16,33359.42857142857
Rapagnano,2016-08-17,35001.428774
Rapagnano,2016-08-18,34329.28571428572
Rapagnano,2016-08-19,35275.28571428572
Rapagnano,2016-08-20,35248.142857142855
Rapagnano,2016-08-21,33753.142857142855
Rapagnano,2016-08-22,35481.28571428572
Rapagnano,2016-08-23,37806.857142857145
Rapagnano,2016-08-24,38140.42857142857
Rapagnano,2016-08-25,37756.857142857145
Rapagnano,2016-08-26,37471.71428571428
Rapagnano,2016-08-27,37047.42857142857
Rapagnano,2016-08-28,34742.28571428572
Rapagnano,2016-08-29,37512.0
Rapagnano,2016-08-30,39716.0
Rapagnano,2016-08-31,39175.142857142855
Recanati,2016-08-16,316701.4285714286
Recanati,2016-08-17,345945.4306894286
Recanati,2016-08-18,348049.0
Recanati,2016-08-19,345361.71428571426
Recanati,2016-08-20,351663.85714285716
Recanati,2016-08-21,348019.5714285714
Recanati,2016-08-22,352506.28571428574
Recanati,2016-08-23,370161.14285714284
Recanati,2016-08-24,373062.4285714286
Recanati,2016-08-25,375209.28571428574
Recanati,2016-08-26,374382.4285714286
Recanati,2016-08-27,367886.0
Recanati,2016-08-28,358473.85714285716
Recanati,2016-08-29,364402.0
Recanati,2016-08-30,380485.71428571426
Recanati,2016-08-31,381393.85714285716
Ripatransone,2016-08-16,67067.71428571429
Ripatransone,2016-08-17,67107.61927142857
Ripatransone,2016-08-18,67459.57142857143
Ripatransone,2016-08-19,66687.0
Ripatransone,2016-08-20,65973.71428571429
Ripatransone,2016-08-21,64924.142857142855
Ripatransone,2016-08-22,63753.0
Ripatransone,2016-08-23,63671.0
Ripatransone,2016-08-24,62263.142857142855
Ripatransone,2016-08-25,60618.857142857145
Ripatransone,2016-08-26,58246.857142857145
Ripatransone,2016-08-27,58842.71428571428
Ripatransone,2016-08-28,58570.0
Ripatransone,2016-08-29,55985.57142857143
Ripatransone,2016-08-30,54687.28571428572
Ripatransone,2016-08-31,54074.28571428572
Ripe San Ginesio,2016-08-16,13977.857142857143
Ripe San Ginesio,2016-08-17,14409.952434857143
Ripe San Ginesio,2016-08-18,13720.285714285714
Ripe San Ginesio,2016-08-19,14193.142857142857
Ripe San Ginesio,2016-08-20,14740.285714285714
Ripe San Ginesio,2016-08-21,14324.0
Ripe San Ginesio,2016-08-22,15067.857142857143
Ripe San Ginesio,2016-08-23,14494.42857142857
Ripe San Ginesio,2016-08-24,14885.0
Ripe San Ginesio,2016-08-25,14940.57142857143
Ripe San Ginesio,2016-08-26,14390.714285714286
Ripe San Ginesio,2016-08-27,14525.857142857143
Ripe San Ginesio,2016-08-28,13937.857142857143
Ripe San Ginesio,2016-08-29,14588.285714285714
Ripe San Ginesio,2016-08-30,14637.142857142857
Ripe San Ginesio,2016-08-31,14455.42857142857
Rosora,2016-08-16,27149.714285714286
Rosora,2016-08-17,27157.23826564286
Rosora,2016-08-18,27968.428571428572
Rosora,2016-08-19,27421.714285714286
Rosora,2016-08-20,26823.285714285714
Rosora,2016-08-21,26347.714285714286
Rosora,2016-08-22,27242.714285714286
Rosora,2016-08-23,28553.85714285714
Rosora,2016-08-24,28728.0
Rosora,2016-08-25,28339.14285714286
Rosora,2016-08-26,28327.85714285714
Rosora,2016-08-27,27913.85714285714
Rosora,2016-08-28,26266.714285714286
Rosora,2016-08-29,27738.0
Rosora,2016-08-30,28669.571428571428
Rosora,2016-08-31,28166.85714285714
San Ginesio,2016-08-16,91887.42857142857
San Ginesio,2016-08-17,89668.66691900001
San Ginesio,2016-08-18,77331.14285714286
San Ginesio,2016-08-19,76769.85714285714
San Ginesio,2016-08-20,89035.28571428571
San Ginesio,2016-08-21,87118.85714285714
San Ginesio,2016-08-22,86860.0
San Ginesio,2016-08-23,86770.42857142857
San Ginesio,2016-08-24,87625.42857142857
San Ginesio,2016-08-25,84715.71428571429
San Ginesio,2016-08-26,83072.28571428571
San Ginesio,2016-08-27,80505.42857142857
San Ginesio,2016-08-28,78929.85714285714
San Ginesio,2016-08-29,79392.14285714286
San Ginesio,2016-08-30,79651.0
San Ginesio,2016-08-31,78188.57142857143
San Marcello,2016-08-16,58949.0
San Marcello,2016-08-17,60667.047799571425
San Marcello,2016-08-18,61164.28571428572
San Marcello,2016-08-19,61274.42857142857
San Marcello,2016-08-20,60741.142857142855
San Marcello,2016-08-21,59490.42857142857
San Marcello,2016-08-22,62505.42857142857
San Marcello,2016-08-23,65567.14285714286
San Marcello,2016-08-24,65521.142857142855
San Marcello,2016-08-25,64546.71428571428
San Marcello,2016-08-26,64671.71428571428
San Marcello,2016-08-27,62623.71428571428
San Marcello,2016-08-28,60855.57142857143
San Marcello,2016-08-29,63308.142857142855
San Marcello,2016-08-30,65598.42857142857
San Marcello,2016-08-31,65801.57142857143
San Paolo di Jesi,2016-08-16,18200.0
San Paolo di Jesi,2016-08-17,19085.476215142855
San Paolo di Jesi,2016-08-18,19206.285714285714
San Paolo di Jesi,2016-08-19,19854.85714285714
San Paolo di Jesi,2016-08-20,20142.85714285714
San Paolo di Jesi,2016-08-21,19697.0
San Paolo di Jesi,2016-08-22,20371.571428571428
San Paolo di Jesi,2016-08-23,20530.714285714286
San Paolo di Jesi,2016-08-24,20733.571428571428
San Paolo di Jesi,2016-08-25,20759.285714285714
San Paolo di Jesi,2016-08-26,20804.571428571428
San Paolo di Jesi,2016-08-27,20407.85714285714
San Paolo di Jesi,2016-08-28,19873.714285714286
San Paolo di Jesi,2016-08-29,20359.714285714286
San Paolo di Jesi,2016-08-30,21277.0
San Paolo di Jesi,2016-08-31,20996.0
San Severino Marche,2016-08-16,305544.71428571426
San Severino Marche,2016-08-17,313354.95377041434
San Severino Marche,2016-08-18,320371.85714285716
San Severino Marche,2016-08-19,321106.71428571426
San Severino Marche,2016-08-20,320478.14285714284
San Severino Marche,2016-08-21,312721.14285714284
San Severino Marche,2016-08-22,325047.5714285714
San Severino Marche,2016-08-23,334343.4285714286
San Severino Marche,2016-08-24,338580.4285714286
San Severino Marche,2016-08-25,341016.0
San Severino Marche,2016-08-26,339170.28571428574
San Severino Marche,2016-08-27,334786.4285714286
San Severino Marche,2016-08-28,321903.85714285716
San Severino Marche,2016-08-29,334825.4285714286
San Severino Marche,2016-08-30,345387.85714285716
San Severino Marche,2016-08-31,344968.5714285714
Sant'Angelo in Pontano,2016-08-16,36346.42857142857
Sant'Angelo in Pontano,2016-08-17,37133.33341042857
Sant'Angelo in Pontano,2016-08-18,36487.857142857145
Sant'Angelo in Pontano,2016-08-19,37866.28571428572
Sant'Angelo in Pontano,2016-08-20,38763.142857142855
Sant'Angelo in Pontano,2016-08-21,37797.57142857143
Sant'Angelo in Pontano,2016-08-22,37609.857142857145
Sant'Angelo in Pontano,2016-08-23,36427.57142857143
Sant'Angelo in Pontano,2016-08-24,36925.0
Sant'Angelo in Pontano,2016-08-25,36640.28571428572
Sant'Angelo in Pontano,2016-08-26,36152.857142857145
Sant'Angelo in Pontano,2016-08-27,36002.0
Sant'Angelo in Pontano,2016-08-28,35144.0
Sant'Angelo in Pontano,2016-08-29,36185.42857142857
Sant'Angelo in Pontano,2016-08-30,36524.142857142855
Sant'Angelo in Pontano,2016-08-31,36966.857142857145
Sant'Elpidio a Mare,2016-08-16,226364.2857142857
Sant'Elpidio a Mare,2016-08-17,233579.1924508572
Sant'Elpidio a Mare,2016-08-18,230982.2857142857
Sant'Elpidio a Mare,2016-08-19,230358.85714285713
Sant'Elpidio a Mare,2016-08-20,230745.2857142857
Sant'Elpidio a Mare,2016-08-21,230666.2857142857
Sant'Elpidio a Mare,2016-08-22,242444.57142857142
Sant'Elpidio a Mare,2016-08-23,243907.7142857143
Sant'Elpidio a Mare,2016-08-24,248520.57142857142
Sant'Elpidio a Mare,2016-08-25,249571.7142857143
Sant'Elpidio a Mare,2016-08-26,247795.42857142858
Sant'Elpidio a Mare,2016-08-27,243581.85714285713
Sant'Elpidio a Mare,2016-08-28,237299.57142857142
Sant'Elpidio a Mare,2016-08-29,246673.7142857143
Sant'Elpidio a Mare,2016-08-30,253293.57142857142
Sant'Elpidio a Mare,2016-08-31,255223.2857142857
Santa Maria Nuova,2016-08-16,40040.857142857145
Santa Maria Nuova,2016-08-17,40488.857334857144
Santa Maria Nuova,2016-08-18,40661.142857142855
Santa Maria Nuova,2016-08-19,40639.142857142855
Santa Maria Nuova,2016-08-20,41309.71428571428
Santa Maria Nuova,2016-08-21,39915.71428571428
Santa Maria Nuova,2016-08-22,42636.0
Santa Maria Nuova,2016-08-23,42813.0
Santa Maria Nuova,2016-08-24,42650.142857142855
Santa Maria Nuova,2016-08-25,42981.28571428572
Santa Maria Nuova,2016-08-26,42966.857142857145
Santa Maria Nuova,2016-08-27,41669.0
Santa Maria Nuova,2016-08-28,40028.71428571428
Santa Maria Nuova,2016-08-29,42473.71428571428
Santa Maria Nuova,2016-08-30,42890.28571428572
Santa Maria Nuova,2016-08-31,43272.28571428572
Santa Vittoria in Matenano,2016-08-16,28920.285714285714
Santa Vittoria in Matenano,2016-08-17,28869.666719428573
Santa Vittoria in Matenano,2016-08-18,28305.14285714286
Santa Vittoria in Matenano,2016-08-19,28328.714285714286
Santa Vittoria in Matenano,2016-08-20,28859.0
Santa Vittoria in Matenano,2016-08-21,27682.714285714286
Santa Vittoria in Matenano,2016-08-22,26666.428571428572
Santa Vittoria in Matenano,2016-08-23,27399.571428571428
Santa Vittoria in Matenano,2016-08-24,27277.714285714286
Santa Vittoria in Matenano,2016-08-25,25395.0
Santa Vittoria in Matenano,2016-08-26,25406.0
Santa Vittoria in Matenano,2016-08-27,24639.285714285714
Santa Vittoria in Matenano,2016-08-28,23993.571428571428
Santa Vittoria in Matenano,2016-08-29,24306.85714285714
Santa Vittoria in Matenano,2016-08-30,24579.428571428572
Santa Vittoria in Matenano,2016-08-31,24107.85714285714
Sarnano,2016-08-16,111541.0
Sarnano,2016-08-17,107711.04803321429
Sarnano,2016-08-18,108747.42857142857
Sarnano,2016-08-19,106008.42857142857
Sarnano,2016-08-20,102973.85714285714
Sarnano,2016-08-21,97576.0
Sarnano,2016-08-22,93016.85714285714
Sarnano,2016-08-23,91436.42857142857
Sarnano,2016-08-24,90053.0
Sarnano,2016-08-25,82959.85714285714
Sarnano,2016-08-26,80781.85714285714
Sarnano,2016-08-27,79863.14285714286
Sarnano,2016-08-28,77578.57142857143
Sarnano,2016-08-29,76695.14285714286
Sarnano,2016-08-30,76656.14285714286
Sarnano,2016-08-31,75379.71428571429
Senigallia,2016-08-16,75146.28571428571
Senigallia,2016-08-17,75374.66692185715
Senigallia,2016-08-18,77113.85714285714
Senigallia,2016-08-19,75819.42857142857
Senigallia,2016-08-20,76399.71428571429
Senigallia,2016-08-21,75907.14285714286
Senigallia,2016-08-22,74290.0
Senigallia,2016-08-23,72967.0
Senigallia,2016-08-24,73274.14285714286
Senigallia,2016-08-25,74502.71428571429
Senigallia,2016-08-26,73543.0
Senigallia,2016-08-27,73909.14285714286
Senigallia,2016-08-28,73505.85714285714
Senigallia,2016-08-29,72509.85714285714
Senigallia,2016-08-30,73281.14285714286
Senigallia,2016-08-31,72295.57142857143
Serra San Quirico,2016-08-16,75563.28571428571
Serra San Quirico,2016-08-17,71881.047897
Serra San Quirico,2016-08-18,72059.14285714286
Serra San Quirico,2016-08-19,70782.71428571429
Serra San Quirico,2016-08-20,70809.71428571429
Serra San Quirico,2016-08-21,69351.71428571429
Serra San Quirico,2016-08-22,73716.57142857143
Serra San Quirico,2016-08-23,73231.57142857143
Serra San Quirico,2016-08-24,71721.71428571429
Serra San Quirico,2016-08-25,73187.42857142857
Serra San Quirico,2016-08-26,71471.0
Serra San Quirico,2016-08-27,70097.28571428571
Serra San Quirico,2016-08-28,67284.85714285714
Serra San Quirico,2016-08-29,70450.42857142857
Serra San Quirico,2016-08-30,70313.28571428571
Serra San Quirico,2016-08-31,70654.71428571429
Serra de' Conti,2016-08-16,67800.14285714286
Serra de' Conti,2016-08-17,68504.80997428572
Serra de' Conti,2016-08-18,68318.57142857143
Serra de' Conti,2016-08-19,68917.0
Serra de' Conti,2016-08-20,69820.0
Serra de' Conti,2016-08-21,79319.71428571429
Serra de' Conti,2016-08-22,71394.28571428571
Serra de' Conti,2016-08-23,73646.42857142857
Serra de' Conti,2016-08-24,73769.28571428571
Serra de' Conti,2016-08-25,73560.42857142857
Serra de' Conti,2016-08-26,74506.85714285714
Serra de' Conti,2016-08-27,72618.0
Serra de' Conti,2016-08-28,68769.85714285714
Serra de' Conti,2016-08-29,73036.0
Serra de' Conti,2016-08-30,74539.14285714286
Serra de' Conti,2016-08-31,75086.14285714286
Serrapetrona,2016-08-16,38847.71428571428
Serrapetrona,2016-08-17,38558.047693942855
Serrapetrona,2016-08-18,38384.142857142855
Serrapetrona,2016-08-19,37999.71428571428
Serrapetrona,2016-08-20,38385.42857142857
Serrapetrona,2016-08-21,37999.71428571428
Serrapetrona,2016-08-22,38469.28571428572
Serrapetrona,2016-08-23,38954.71428571428
Serrapetrona,2016-08-24,39089.57142857143
Serrapetrona,2016-08-25,39753.42857142857
Serrapetrona,2016-08-26,39795.42857142857
Serrapetrona,2016-08-27,40711.142857142855
Serrapetrona,2016-08-28,39271.142857142855
Serrapetrona,2016-08-29,39862.42857142857
Serrapetrona,2016-08-30,40663.142857142855
Serrapetrona,2016-08-31,39341.142857142855
Serravalle di Chienti,2016-08-16,2803.5714285714284
Serravalle di Chienti,2016-08-17,2544.523815671429
Serravalle di Chienti,2016-08-18,2616.5714285714284
Serravalle di Chienti,2016-08-19,2539.1428571428573
Serravalle di Chienti,2016-08-20,2535.1428571428573
Serravalle di Chienti,2016-08-21,2456.4285714285716
Serravalle di Chienti,2016-08-22,2413.0
Serravalle di Chienti,2016-08-23,2180.714285714286
Serravalle di Chienti,2016-08-24,2177.4285714285716
Serravalle di Chienti,2016-08-25,1895.142857142857
Serravalle di Chienti,2016-08-26,1877.142857142857
Serravalle di Chienti,2016-08-27,1873.142857142857
Serravalle di Chienti,2016-08-28,1753.7142857142858
Serravalle di Chienti,2016-08-29,1771.0
Serravalle di Chienti,2016-08-30,1571.7142857142858
Serravalle di Chienti,2016-08-31,1588.0
Servigliano,2016-08-16,45211.142857142855
Servigliano,2016-08-17,44111.76223014286
Servigliano,2016-08-18,43468.0
Servigliano,2016-08-19,44269.857142857145
Servigliano,2016-08-20,44072.142857142855
Servigliano,2016-08-21,43949.0
Servigliano,2016-08-22,43160.57142857143
Servigliano,2016-08-23,40579.71428571428
Servigliano,2016-08-24,39333.857142857145
Servigliano,2016-08-25,38283.71428571428
Servigliano,2016-08-26,37899.42857142857
Servigliano,2016-08-27,37500.857142857145
Servigliano,2016-08-28,36322.28571428572
Servigliano,2016-08-29,38775.0
Servigliano,2016-08-30,38606.57142857143
Servigliano,2016-08-31,37838.142857142855
Sirolo,2016-08-16,198038.2857142857
Sirolo,2016-08-17,195453.14519799998
Sirolo,2016-08-18,197545.2857142857
Sirolo,2016-08-19,195054.42857142858
Sirolo,2016-08-20,188251.2857142857
Sirolo,2016-08-21,200785.2857142857
Sirolo,2016-08-22,178849.2857142857
Sirolo,2016-08-23,181020.14285714287
Sirolo,2016-08-24,181237.42857142858
Sirolo,2016-08-25,181403.57142857142
Sirolo,2016-08-26,178647.2857142857
Sirolo,2016-08-27,177958.2857142857
Sirolo,2016-08-28,174400.2857142857
Sirolo,2016-08-29,154700.0
Sirolo,2016-08-30,149032.0
Sirolo,2016-08-31,145127.42857142858
Smerillo,2016-08-16,10790.57142857143
Smerillo,2016-08-17,10546.95239807143
Smerillo,2016-08-18,10371.285714285714
Smerillo,2016-08-19,10861.42857142857
Smerillo,2016-08-20,10493.857142857143
Smerillo,2016-08-21,9967.42857142857
Smerillo,2016-08-22,9538.42857142857
Smerillo,2016-08-23,9633.42857142857
Smerillo,2016-08-24,9658.42857142857
Smerillo,2016-08-25,8242.57142857143
Smerillo,2016-08-26,8036.857142857143
Smerillo,2016-08-27,7956.142857142857
Smerillo,2016-08-28,7658.714285714285
Smerillo,2016-08-29,7527.0
Smerillo,2016-08-30,7788.571428571428
Smerillo,2016-08-31,7641.428571428572
Staffolo,2016-08-16,48835.0
Staffolo,2016-08-17,50191.71442042857
Staffolo,2016-08-18,50149.57142857143
Staffolo,2016-08-19,52740.28571428572
Staffolo,2016-08-20,55485.0
Staffolo,2016-08-21,55679.28571428572
Staffolo,2016-08-22,53604.71428571428
Staffolo,2016-08-23,51751.0
Staffolo,2016-08-24,52162.0
Staffolo,2016-08-25,52325.42857142857
Staffolo,2016-08-26,51065.857142857145
Staffolo,2016-08-27,50770.0
Staffolo,2016-08-28,48592.142857142855
Staffolo,2016-08-29,50028.42857142857
Staffolo,2016-08-30,52061.57142857143
Staffolo,2016-08-31,51327.857142857145
Tolentino,2016-08-16,321766.71428571426
Tolentino,2016-08-17,324952.6695728572
Tolentino,2016-08-18,331541.5714285714
Tolentino,2016-08-19,328005.85714285716
Tolentino,2016-08-20,334157.5714285714
Tolentino,2016-08-21,331767.28571428574
Tolentino,2016-08-22,353441.71428571426
Tolentino,2016-08-23,354786.71428571426
Tolentino,2016-08-24,357727.0
Tolentino,2016-08-25,357162.0
Tolentino,2016-08-26,356592.5714285714
Tolentino,2016-08-27,354692.28571428574
Tolentino,2016-08-28,346367.85714285716
Tolentino,2016-08-29,365421.14285714284
Tolentino,2016-08-30,364267.4285714286
Tolentino,2016-08-31,372367.4285714286
Torre San Patrizio,2016-08-16,34753.42857142857
Torre San Patrizio,2016-08-17,35605.09539885714
Torre San Patrizio,2016-08-18,35667.57142857143
Torre San Patrizio,2016-08-19,35773.142857142855
Torre San Patrizio,2016-08-20,35070.28571428572
Torre San Patrizio,2016-08-21,34220.0
Torre San Patrizio,2016-08-22,37194.857142857145
Torre San Patrizio,2016-08-23,39208.857142857145
Torre San Patrizio,2016-08-24,39525.42857142857
Torre San Patrizio,2016-08-25,40100.42857142857
Torre San Patrizio,2016-08-26,39402.142857142855
Torre San Patrizio,2016-08-27,39090.57142857143
Torre San Patrizio,2016-08-28,36594.71428571428
Torre San Patrizio,2016-08-29,39799.57142857143
Torre San Patrizio,2016-08-30,42379.142857142855
Torre San Patrizio,2016-08-31,42555.28571428572
Trecastelli,2016-08-16,37198.57142857143
Trecastelli,2016-08-17,38658.95277342857
Trecastelli,2016-08-18,38861.0
Trecastelli,2016-08-19,38843.142857142855
Trecastelli,2016-08-20,38941.0
Trecastelli,2016-08-21,36911.57142857143
Trecastelli,2016-08-22,37919.57142857143
Trecastelli,2016-08-23,39905.71428571428
Trecastelli,2016-08-24,40431.857142857145
Trecastelli,2016-08-25,39973.57142857143
Trecastelli,2016-08-26,40561.0
Trecastelli,2016-08-27,39358.142857142855
Trecastelli,2016-08-28,36262.0
Trecastelli,2016-08-29,38484.857142857145
Trecastelli,2016-08-30,40597.857142857145
Trecastelli,2016-08-31,40163.57142857143
Treia,2016-08-16,245825.85714285713
Treia,2016-08-17,249142.43061285713
Treia,2016-08-18,251608.85714285713
Treia,2016-08-19,253413.0
Treia,2016-08-20,252750.2857142857
Treia,2016-08-21,247140.14285714287
Treia,2016-08-22,264364.14285714284
Treia,2016-08-23,269923.5714285714
Treia,2016-08-24,276573.5714285714
Treia,2016-08-25,278122.5714285714
Treia,2016-08-26,275625.28571428574
Treia,2016-08-27,272960.28571428574
Treia,2016-08-28,267449.71428571426
Treia,2016-08-29,279820.28571428574
Treia,2016-08-30,286391.5714285714
Treia,2016-08-31,285407.14285714284
Urbisaglia,2016-08-16,59553.42857142857
Urbisaglia,2016-08-17,48965.71455685714
Urbisaglia,2016-08-18,49606.28571428572
Urbisaglia,2016-08-19,49377.857142857145
Urbisaglia,2016-08-20,47640.71428571428
Urbisaglia,2016-08-21,48328.71428571428
Urbisaglia,2016-08-22,50909.28571428572
Urbisaglia,2016-08-23,49752.71428571428
Urbisaglia,2016-08-24,50538.28571428572
Urbisaglia,2016-08-25,50484.0
Urbisaglia,2016-08-26,49951.28571428572
Urbisaglia,2016-08-27,49759.42857142857
Urbisaglia,2016-08-28,51005.857142857145
Urbisaglia,2016-08-29,51749.71428571428
Urbisaglia,2016-08-30,50680.57142857143
Urbisaglia,2016-08-31,51342.71428571428
Visso,2016-08-16,2899.714285714286
Visso,2016-08-17,2734.66667
Visso,2016-08-18,2815.4285714285716
Visso,2016-08-19,2866.1428571428573
Visso,2016-08-20,2872.714285714286
Visso,2016-08-21,2722.285714285714
Visso,2016-08-22,2547.714285714286
Visso,2016-08-23,2507.714285714286
Visso,2016-08-24,2375.285714285714
Visso,2016-08-25,1889.7142857142858
Visso,2016-08-26,1767.4285714285713
Visso,2016-08-27,1723.142857142857
Visso,2016-08-28,1718.0
Visso,2016-08-29,1694.5714285714287
Visso,2016-08-30,1579.4285714285713
Visso,2016-08-31,1569.142857142857
